Workbook

Sheet CAPTURA
A1: QUINIELA MUNDIAL 2026 – PRONÓSTICOS (FASE DE GRUPOS)
A3: Tu nombre: | B3: ROMMEL CACERES | F3: ¿Qué hago aquí?
F4: 1) Escribe los goles en las dos columnas amarillas.
A5: Progreso: | B5: =SUMPRODUCT(--(G10:G81<>"")*(H10:H81<>"")) -> 0 | C5: ="/ 72" -> / 72 | F5: 2) Cuando termines, guarda y envía el archivo.
F6: (No cambies equipos ni fechas)
A9: MatchID | B9: Fecha | C9: Hora | D9: Grupo | E9: Equipo Local | F9: Equipo Visita | G9: Goles Local | H9: Goles Visita | I9: Listo
A10: 1 | B10: 46184 | C10: 0.54166667 | D10: A | E10: Mexico | F10: South Africa | I10: =IF(AND(G10<>"",H10<>""),"OK","")
A11: 2 | B11: 46184 | C11: 0.83333333 | D11: A | E11: South Korea | F11: Czechia | I11: =IF(AND(G11<>"",H11<>""),"OK","")
A12: 3 | B12: 46185 | C12: 0.54166667 | D12: B | E12: Canada | F12: Bosnia & Herzegovina | I12: =IF(AND(G12<>"",H12<>""),"OK","")
A13: 4 | B13: 46185 | C13: 0.79166667 | D13: D | E13: USA | F13: Paraguay | I13: =IF(AND(G13<>"",H13<>""),"OK","")
A14: 5 | B14: 46185 | C14: 0.91666667 | D14: D | E14: Australia | F14: Türkiye | I14: =IF(AND(G14<>"",H14<>""),"OK","")
A15: 6 | B15: 46186 | C15: 0.54166667 | D15: B | E15: Qatar | F15: Switzerland | I15: =IF(AND(G15<>"",H15<>""),"OK","")
A16: 7 | B16: 46186 | C16: 0.66666667 | D16: C | E16: Brazil | F16: Morocco | I16: =IF(AND(G16<>"",H16<>""),"OK","")
A17: 8 | B17: 46186 | C17: 0.79166667 | D17: C | E17: Haiti | F17: Scotland | I17: =IF(AND(G17<>"",H17<>""),"OK","")
A18: 9 | B18: 46187 | C18: 0.45833333 | D18: E | E18: Germany | F18: Curaçao | I18: =IF(AND(G18<>"",H18<>""),"OK","")
A19: 10 | B19: 46187 | C19: 0.58333333 | D19: F | E19: Netherlands | F19: Japan | I19: =IF(AND(G19<>"",H19<>""),"OK","")
A20: 11 | B20: 46187 | C20: 0.70833333 | D20: E | E20: Ivory Coast | F20: Ecuador | I20: =IF(AND(G20<>"",H20<>""),"OK","")
A21: 12 | B21: 46187 | C21: 0.83333333 | D21: F | E21: Sweden | F21: Tunisia | I21: =IF(AND(G21<>"",H21<>""),"OK","")
... A81: 72 | B81: 46200 | C81: 0.83333333 | D81: J | E81: Jordan | F81: Argentina | I81: =IF(AND(G81<>"",H81<>""),"OK","")

Sheet IMPORTAR
A1: COPIA y pega (como valores) al archivo del organizador (hoja PRONOSTICOS).
A3: Participante | B3: MatchID | C3: GL_Pron | D3: GV_Pron
A4: =CAPTURA!$B$3 -> ROMMEL CACERES | B4: =CAPTURA!A10 -> 1 | C4: =CAPTURA!G10 -> 0 | D4: =CAPTURA!H10 -> 0
A5: =CAPTURA!$B$3 -> ROMMEL CACERES | B5: =CAPTURA!A11 -> 2 | C5: =CAPTURA!G11 -> 0 | D5: =CAPTURA!H11 -> 0
A6: =CAPTURA!$B$3 -> ROMMEL CACERES | B6: =CAPTURA!A12 -> 3 | C6: =CAPTURA!G12 -> 0 | D6: =CAPTURA!H12 -> 0
A7: =CAPTURA!$B$3 -> ROMMEL CACERES | B7: =CAPTURA!A13 -> 4 | C7: =CAPTURA!G13 -> 0 | D7: =CAPTURA!H13 -> 0
A8: =CAPTURA!$B$3 -> ROMMEL CACERES | B8: =CAPTURA!A14 -> 5 | C8: =CAPTURA!G14 -> 0 | D8: =CAPTURA!H14 -> 0
A9: =CAPTURA!$B$3 -> ROMMEL CACERES | B9: =CAPTURA!A15 -> 6 | C9: =CAPTURA!G15 -> 0 | D9: =CAPTURA!H15 -> 0
A10: =CAPTURA!$B$3 -> ROMMEL CACERES | B10: =CAPTURA!A16 -> 7 | C10: =CAPTURA!G16 -> 0 | D10: =CAPTURA!H16 -> 0
A11: =CAPTURA!$B$3 -> ROMMEL CACERES | B11: =CAPTURA!A17 -> 8 | C11: =CAPTURA!G17 -> 0 | D11: =CAPTURA!H17 -> 0
A12: =CAPTURA!$B$3 -> ROMMEL CACERES | B12: =CAPTURA!A18 -> 9 | C12: =CAPTURA!G18 -> 0 | D12: =CAPTURA!H18 -> 0
A13: =CAPTURA!$B$3 -> ROMMEL CACERES | B13: =CAPTURA!A19 -> 10 | C13: =CAPTURA!G19 -> 0 | D13: =CAPTURA!H19 -> 0
A14: =CAPTURA!$B$3 -> ROMMEL CACERES | B14: =CAPTURA!A20 -> 11 | C14: =CAPTURA!G20 -> 0 | D14: =CAPTURA!H20 -> 0
A15: =CAPTURA!$B$3 -> ROMMEL CACERES | B15: =CAPTURA!A21 -> 12 | C15: =CAPTURA!G21 -> 0 | D15: =CAPTURA!H21 -> 0
... A75: =CAPTURA!$B$3 -> ROMMEL CACERES | B75: =CAPTURA!A81 -> 72 | C75: =CAPTURA!G81 -> 0 | D75: =CAPTURA!H81 -> 0

Sheet MANUAL
A1: Manual rápido (para llenar y enviar)
A3: 1) Abre este archivo.
A4: 2) Escribe tu nombre (arriba, donde dice "Tu nombre").
A5: 3) Ve a la hoja "CAPTURA".
A6: 4) En cada partido, escribe SOLO dos números:
A7: - Goles Local
A8: - Goles Visita
A9: 5) Cuando termines, revisa que el Progreso diga 72/72.
A10: 6) Guarda el archivo y envíalo de regreso al organizador.
A12: Si te equivocas, borra el número y escribe el correcto.
