Workbook

Sheet README
A1: Plantilla de Quiniela – Mundial 2026 (Fase de Grupos)
A3: Incluye hoja DASHBOARD con resumen de avance, clasificados directos y mejores terceros (Top 8).
A4: POSICIONES: Verde = 1°-2°; Amarillo = 3° clasificado; Rojo = eliminado.
A5: PARTIDOS protegido (solo GL_Real, GV_Real y Jugado). Contraseña: quiniela.

Sheet CONFIG
B3: Configuración
B5: Puntos por marcador exacto | C5: 3
B6: Puntos por acertar resultado (G/E/P) | C6: 1
B8: Zona horaria usada en PARTIDOS | C8: Guatemala (UTC-6)
B10: Participantes
B11: Jugador 1
B12: Jugador 2
B13: Jugador 3
B14: Jugador 4
B15: Jugador 5
B16: Jugador 6
B17: Jugador 7
B18: Jugador 8
B19: Jugador 9
B20: Jugador 10
B21: Jugador 11
... B40: Jugador 30

Sheet PARTIDOS
A1: MatchID | B1: Fecha | C1: Hora | D1: Grupo | E1: EquipoLocal | F1: EquipoVisita | G1: Sede | H1: GL_Real | I1: GV_Real | J1: Jugado
A2: 1 | B2: 46184 | C2: 0.54166667 | D2: A | E2: Mexico | F2: South Africa | G2: Estadio Azteca, Mexico City | J2: No
A3: 2 | B3: 46184 | C3: 0.83333333 | D3: A | E3: South Korea | F3: Czechia | G3: Estadio Akron, Zapopan | J3: No
A4: 3 | B4: 46185 | C4: 0.54166667 | D4: B | E4: Canada | F4: Bosnia & Herzegovina | G4: BMO Field, Toronto | J4: No
A5: 4 | B5: 46185 | C5: 0.79166667 | D5: D | E5: USA | F5: Paraguay | G5: SoFi Stadium, Inglewood | J5: No
A6: 5 | B6: 46185 | C6: 0.91666667 | D6: D | E6: Australia | F6: Türkiye | G6: BC Place, Vancouver | J6: No
A7: 6 | B7: 46186 | C7: 0.54166667 | D7: B | E7: Qatar | F7: Switzerland | G7: Levi’s Stadium, Santa Clara | J7: No
A8: 7 | B8: 46186 | C8: 0.66666667 | D8: C | E8: Brazil | F8: Morocco | G8: MetLife Stadium, East Rutherford | J8: No
A9: 8 | B9: 46186 | C9: 0.79166667 | D9: C | E9: Haiti | F9: Scotland | G9: Gillette Stadium, Foxborough | J9: No
A10: 9 | B10: 46187 | C10: 0.45833333 | D10: E | E10: Germany | F10: Curaçao | G10: NRG Stadium, Houston | J10: No
A11: 10 | B11: 46187 | C11: 0.58333333 | D11: F | E11: Netherlands | F11: Japan | G11: AT&T Stadium, Arlington | J11: No
A12: 11 | B12: 46187 | C12: 0.70833333 | D12: E | E12: Ivory Coast | F12: Ecuador | G12: Lincoln Financial Field, Philadelphia | J12: No
A13: 12 | B13: 46187 | C13: 0.83333333 | D13: F | E13: Sweden | F13: Tunisia | G13: Estadio BBVA, Monterrey | J13: No
... A73: 72 | B73: 46200 | C73: 0.83333333 | D73: J | E73: Jordan | F73: Argentina | G73: AT&T Stadium, Arlington | J73: No

Sheet PRONOSTICOS
B7: PRONOSTICOS GENERALES
B9: Participante | C9: MatchID | D9: GL_Pron | E9: GV_Pron | F9: Puntos
F10: =IF($C10="","",IF(NOT(_xlfn.XLOOKUP($C10,tPartidos[MatchID],tPartidos[Jugado],"No")="Sí"),0,IF(AND($D10=_xlfn.XLOOKUP($C10,tPartidos[MatchID],tPartidos[GL_Real],""),$E10=_xlfn.XLOOKUP($C10,tPartidos[MatchID],tPartidos[GV_Real],"")),CONFIG!$C$5,IF(SIGN($D10-$E10)=SIGN(_xlfn.XLOOKUP($C10,tPartidos[MatchID],tPartidos[GL_Real],0)-_xlfn.XLOOKUP($C10,tPartidos[MatchID],tPartidos[GV_Real],0)),CONFIG!$C$6,0))))
F11: =IF($C11="","",IF(NOT(_xlfn.XLOOKUP($C11,tPartidos[MatchID],tPartidos[Jugado],"No")="Sí"),0,IF(AND($D11=_xlfn.XLOOKUP($C11,tPartidos[MatchID],tPartidos[GL_Real],""),$E11=_xlfn.XLOOKUP($C11,tPartidos[MatchID],tPartidos[GV_Real],"")),CONFIG!$C$5,IF(SIGN($D11-$E11)=SIGN(_xlfn.XLOOKUP($C11,tPartidos[MatchID],tPartidos[GL_Real],0)-_xlfn.XLOOKUP($C11,tPartidos[MatchID],tPartidos[GV_Real],0)),CONFIG!$C$6,0))))
F12: =IF($C12="","",IF(NOT(_xlfn.XLOOKUP($C12,tPartidos[MatchID],tPartidos[Jugado],"No")="Sí"),0,IF(AND($D12=_xlfn.XLOOKUP($C12,tPartidos[MatchID],tPartidos[GL_Real],""),$E12=_xlfn.XLOOKUP($C12,tPartidos[MatchID],tPartidos[GV_Real],"")),CONFIG!$C$5,IF(SIGN($D12-$E12)=SIGN(_xlfn.XLOOKUP($C12,tPartidos[MatchID],tPartidos[GL_Real],0)-_xlfn.XLOOKUP($C12,tPartidos[MatchID],tPartidos[GV_Real],0)),CONFIG!$C$6,0))))
F13: =IF($C13="","",IF(NOT(_xlfn.XLOOKUP($C13,tPartidos[MatchID],tPartidos[Jugado],"No")="Sí"),0,IF(AND($D13=_xlfn.XLOOKUP($C13,tPartidos[MatchID],tPartidos[GL_Real],""),$E13=_xlfn.XLOOKUP($C13,tPartidos[MatchID],tPartidos[GV_Real],"")),CONFIG!$C$5,IF(SIGN($D13-$E13)=SIGN(_xlfn.XLOOKUP($C13,tPartidos[MatchID],tPartidos[GL_Real],0)-_xlfn.XLOOKUP($C13,tPartidos[MatchID],tPartidos[GV_Real],0)),CONFIG!$C$6,0))))
F14: =IF($C14="","",IF(NOT(_xlfn.XLOOKUP($C14,tPartidos[MatchID],tPartidos[Jugado],"No")="Sí"),0,IF(AND($D14=_xlfn.XLOOKUP($C14,tPartidos[MatchID],tPartidos[GL_Real],""),$E14=_xlfn.XLOOKUP($C14,tPartidos[MatchID],tPartidos[GV_Real],"")),CONFIG!$C$5,IF(SIGN($D14-$E14)=SIGN(_xlfn.XLOOKUP($C14,tPartidos[MatchID],tPartidos[GL_Real],0)-_xlfn.XLOOKUP($C14,tPartidos[MatchID],tPartidos[GV_Real],0)),CONFIG!$C$6,0))))
F15: =IF($C15="","",IF(NOT(_xlfn.XLOOKUP($C15,tPartidos[MatchID],tPartidos[Jugado],"No")="Sí"),0,IF(AND($D15=_xlfn.XLOOKUP($C15,tPartidos[MatchID],tPartidos[GL_Real],""),$E15=_xlfn.XLOOKUP($C15,tPartidos[MatchID],tPartidos[GV_Real],"")),CONFIG!$C$5,IF(SIGN($D15-$E15)=SIGN(_xlfn.XLOOKUP($C15,tPartidos[MatchID],tPartidos[GL_Real],0)-_xlfn.XLOOKUP($C15,tPartidos[MatchID],tPartidos[GV_Real],0)),CONFIG!$C$6,0))))
F16: =IF($C16="","",IF(NOT(_xlfn.XLOOKUP($C16,tPartidos[MatchID],tPartidos[Jugado],"No")="Sí"),0,IF(AND($D16=_xlfn.XLOOKUP($C16,tPartidos[MatchID],tPartidos[GL_Real],""),$E16=_xlfn.XLOOKUP($C16,tPartidos[MatchID],tPartidos[GV_Real],"")),CONFIG!$C$5,IF(SIGN($D16-$E16)=SIGN(_xlfn.XLOOKUP($C16,tPartidos[MatchID],tPartidos[GL_Real],0)-_xlfn.XLOOKUP($C16,tPartidos[MatchID],tPartidos[GV_Real],0)),CONFIG!$C$6,0))))
F17: =IF($C17="","",IF(NOT(_xlfn.XLOOKUP($C17,tPartidos[MatchID],tPartidos[Jugado],"No")="Sí"),0,IF(AND($D17=_xlfn.XLOOKUP($C17,tPartidos[MatchID],tPartidos[GL_Real],""),$E17=_xlfn.XLOOKUP($C17,tPartidos[MatchID],tPartidos[GV_Real],"")),CONFIG!$C$5,IF(SIGN($D17-$E17)=SIGN(_xlfn.XLOOKUP($C17,tPartidos[MatchID],tPartidos[GL_Real],0)-_xlfn.XLOOKUP($C17,tPartidos[MatchID],tPartidos[GV_Real],0)),CONFIG!$C$6,0))))
F18: =IF($C18="","",IF(NOT(_xlfn.XLOOKUP($C18,tPartidos[MatchID],tPartidos[Jugado],"No")="Sí"),0,IF(AND($D18=_xlfn.XLOOKUP($C18,tPartidos[MatchID],tPartidos[GL_Real],""),$E18=_xlfn.XLOOKUP($C18,tPartidos[MatchID],tPartidos[GV_Real],"")),CONFIG!$C$5,IF(SIGN($D18-$E18)=SIGN(_xlfn.XLOOKUP($C18,tPartidos[MatchID],tPartidos[GL_Real],0)-_xlfn.XLOOKUP($C18,tPartidos[MatchID],tPartidos[GV_Real],0)),CONFIG!$C$6,0))))
F19: =IF($C19="","",IF(NOT(_xlfn.XLOOKUP($C19,tPartidos[MatchID],tPartidos[Jugado],"No")="Sí"),0,IF(AND($D19=_xlfn.XLOOKUP($C19,tPartidos[MatchID],tPartidos[GL_Real],""),$E19=_xlfn.XLOOKUP($C19,tPartidos[MatchID],tPartidos[GV_Real],"")),CONFIG!$C$5,IF(SIGN($D19-$E19)=SIGN(_xlfn.XLOOKUP($C19,tPartidos[MatchID],tPartidos[GL_Real],0)-_xlfn.XLOOKUP($C19,tPartidos[MatchID],tPartidos[GV_Real],0)),CONFIG!$C$6,0))))
F20: =IF($C20="","",IF(NOT(_xlfn.XLOOKUP($C20,tPartidos[MatchID],tPartidos[Jugado],"No")="Sí"),0,IF(AND($D20=_xlfn.XLOOKUP($C20,tPartidos[MatchID],tPartidos[GL_Real],""),$E20=_xlfn.XLOOKUP($C20,tPartidos[MatchID],tPartidos[GV_Real],"")),CONFIG!$C$5,IF(SIGN($D20-$E20)=SIGN(_xlfn.XLOOKUP($C20,tPartidos[MatchID],tPartidos[GL_Real],0)-_xlfn.XLOOKUP($C20,tPartidos[MatchID],tPartidos[GV_Real],0)),CONFIG!$C$6,0))))
F21: =IF($C21="","",IF(NOT(_xlfn.XLOOKUP($C21,tPartidos[MatchID],tPartidos[Jugado],"No")="Sí"),0,IF(AND($D21=_xlfn.XLOOKUP($C21,tPartidos[MatchID],tPartidos[GL_Real],""),$E21=_xlfn.XLOOKUP($C21,tPartidos[MatchID],tPartidos[GV_Real],"")),CONFIG!$C$5,IF(SIGN($D21-$E21)=SIGN(_xlfn.XLOOKUP($C21,tPartidos[MatchID],tPartidos[GL_Real],0)-_xlfn.XLOOKUP($C21,tPartidos[MatchID],tPartidos[GV_Real],0)),CONFIG!$C$6,0))))
... F609: =IF($C609="","",IF(NOT(_xlfn.XLOOKUP($C609,tPartidos[MatchID],tPartidos[Jugado],"No")="Sí"),0,IF(AND($D609=_xlfn.XLOOKUP($C609,tPartidos[MatchID],tPartidos[GL_Real],""),$E609=_xlfn.XLOOKUP($C609,tPartidos[MatchID],tPartidos[GV_Real],"")),CONFIG!$C$5,IF(SIGN($D609-$E609)=SIGN(_xlfn.XLOOKUP($C609,tPartidos[MatchID],tPartidos[GL_Real],0)-_xlfn.XLOOKUP($C609,tPartidos[MatchID],tPartidos[GV_Real],0)),CONFIG!$C$6,0))))

Sheet TABLA_GENERAL
B5: Ranking
B7: Participante | C7: Puntos
B8: =IF(CONFIG!B11="","",CONFIG!B11) -> Jugador 1 | C8: =IF(B8="","",SUMIFS(tPicks[Puntos],tPicks[Participante],B8)) -> 0
B9: =IF(CONFIG!B12="","",CONFIG!B12) -> Jugador 2 | C9: =IF(B9="","",SUMIFS(tPicks[Puntos],tPicks[Participante],B9)) -> 0
B10: =IF(CONFIG!B13="","",CONFIG!B13) -> Jugador 3 | C10: =IF(B10="","",SUMIFS(tPicks[Puntos],tPicks[Participante],B10)) -> 0
B11: =IF(CONFIG!B14="","",CONFIG!B14) -> Jugador 4 | C11: =IF(B11="","",SUMIFS(tPicks[Puntos],tPicks[Participante],B11)) -> 0
B12: =IF(CONFIG!B15="","",CONFIG!B15) -> Jugador 5 | C12: =IF(B12="","",SUMIFS(tPicks[Puntos],tPicks[Participante],B12)) -> 0
B13: =IF(CONFIG!B16="","",CONFIG!B16) -> Jugador 6 | C13: =IF(B13="","",SUMIFS(tPicks[Puntos],tPicks[Participante],B13)) -> 0
B14: =IF(CONFIG!B17="","",CONFIG!B17) -> Jugador 7 | C14: =IF(B14="","",SUMIFS(tPicks[Puntos],tPicks[Participante],B14)) -> 0
B15: =IF(CONFIG!B18="","",CONFIG!B18) -> Jugador 8 | C15: =IF(B15="","",SUMIFS(tPicks[Puntos],tPicks[Participante],B15)) -> 0
B16: =IF(CONFIG!B19="","",CONFIG!B19) -> Jugador 9 | C16: =IF(B16="","",SUMIFS(tPicks[Puntos],tPicks[Participante],B16)) -> 0
B17: =IF(CONFIG!B20="","",CONFIG!B20) -> Jugador 10 | C17: =IF(B17="","",SUMIFS(tPicks[Puntos],tPicks[Participante],B17)) -> 0
B18: =IF(CONFIG!B21="","",CONFIG!B21) -> Jugador 11 | C18: =IF(B18="","",SUMIFS(tPicks[Puntos],tPicks[Participante],B18)) -> 0
B19: =IF(CONFIG!B22="","",CONFIG!B22) -> Jugador 12 | C19: =IF(B19="","",SUMIFS(tPicks[Puntos],tPicks[Participante],B19)) -> 0
... B57: =IF(CONFIG!B60="","",CONFIG!B60) | C57: =IF(B57="","",SUMIFS(tPicks[Puntos],tPicks[Participante],B57))

Sheet POSICIONES
B1: Posiciones por Grupo (marcadores reales) | AF1: Grupo | AG1: Equipo | AH1: Pts | AI1: DG | AJ1: GF
B2: Colores: Verde (1°-2°), Amarillo (3° clasificado), Rojo (eliminado). | AF2: A | AG2: =$B18 -> South Africa | AH2: =$J18 -> 0 | AI2: =$I18 -> 0 | AJ2: =$G18 -> 0
AF3: B | AG3: =$B25 -> Qatar | AH3: =$J25 -> 0 | AI3: =$I25 -> 0 | AJ3: =$G25 -> 0
AF4: C | AG4: =$B32 -> Morocco | AH4: =$J32 -> 0 | AI4: =$I32 -> 0 | AJ4: =$G32 -> 0
AF5: D | AG5: =$B39 -> Türkiye | AH5: =$J39 -> 0 | AI5: =$I39 -> 0 | AJ5: =$G39 -> 0
AF6: E | AG6: =$B46 -> Germany | AH6: =$J46 -> 0 | AI6: =$I46 -> 0 | AJ6: =$G46 -> 0
AF7: F | AG7: =$B53 -> Sweden | AH7: =$J53 -> 0 | AI7: =$I53 -> 0 | AJ7: =$G53 -> 0
AF8: G | AG8: =$B60 -> Iran | AH8: =$J60 -> 0 | AI8: =$I60 -> 0 | AJ8: =$G60 -> 0
AF9: H | AG9: =$B67 -> Spain | AH9: =$J67 -> 0 | AI9: =$I67 -> 0 | AJ9: =$G67 -> 0
AF10: I | AG10: =$B74 -> Norway | AH10: =$J74 -> 0 | AI10: =$I74 -> 0 | AJ10: =$G74 -> 0
AF11: J | AG11: =$B81 -> Austria | AH11: =$J81 -> 0 | AI11: =$I81 -> 0 | AJ11: =$G81 -> 0
B14: Grupo A | N14: Mejores terceros (Top 8) | AF14: K | AG14: =$B88 -> Portugal | AH14: =$J88 -> 0 | AI14: =$I88 -> 0 | AJ14: =$G88 -> 0
B15: Equipo | C15: PJ | D15: G | E15: E | F15: P | G15: GF | H15: GC | I15: DG | J15: Pts | K15: Clasifica | N15: Pos | O15: Grupo | P15: Equipo | Q15: Pts | R15: DG | S15: GF | AF15: L | AG15: =$B95 -> Ghana | AH15: =$J95 -> 0 | AI15: =$I95 -> 0 | AJ15: =$G95 -> 0
B16: {=_xlfn.SORTBY(V16:AD19,AD16:AD19,-1,AC16:AC19,-1,AA16:AA19,-1)} -> Czechia | C16: 0 | D16: 0 | E16: 0 | F16: 0 | G16: 0 | H16: 0 | I16: 0 | J16: 0 | K16: Q | N16: 1 | O16: {=_xlfn.TAKE(_xlfn.SORTBY(CHOOSE(_xlfn.SEQUENCE(1,5),$AF$2:$AF$15,$AG$2:$AG$15,$AH$2:$AH$15,$AI$2:$AI$15,$AJ$2:$AJ$15),$AH$2:$AH$15,-1,$AI$2:$AI$15,-1,$AJ$2:$AJ$15,-1),8)} -> A | P16: South Africa | Q16: 0 | R16: 0 | S16: 0 | V16: Czechia | W16: =COUNTIFS(tPartidos[Jugado],"Sí",tPartidos[EquipoLocal],V16)+COUNTIFS(tPartidos[Jugado],"Sí",tPartidos[EquipoVisita],V16) -> 0 | X16: =SUMPRODUCT((tPartidos[Jugado]="Sí")*(tPartidos[EquipoLocal]=V16)*(tPartidos[GL_Real]>tPartidos[GV_Real]))+SUMPRODUCT((tPartidos[Jugado]="Sí")*(tPartidos[EquipoVisita]=V16)*(tPartidos[GV_Real]>tPartidos[GL_Real])) -> 0 | Y16: =SUMPRODUCT((tPartidos[Jugado]="Sí")*((tPartidos[EquipoLocal]=V16)+(tPartidos[EquipoVisita]=V16))*(tPartidos[GL_Real]=tPartidos[GV_Real])) -> 0 | Z16: =W16-X16-Y16 -> 0 | AA16: =SUMIFS(tPartidos[GL_Real],tPartidos[Jugado],"Sí",tPartidos[EquipoLocal],V16)+SUMIFS(tPartidos[GV_Real],tPartidos[Jugado],"Sí",tPartidos[EquipoVisita],V16) -> 0 | AB16: =SUMIFS(tPartidos[GV_Real],tPartidos[Jugado],"Sí",tPartidos[EquipoLocal],V16)+SUMIFS(tPartidos[GL_Real],tPartidos[Jugado],"Sí",tPartidos[EquipoVisita],V16) -> 0 | AC16: =AA16-AB16 -> 0 | AD16: =X16*3+Y16 -> 0
B17: Mexico | C17: 0 | D17: 0 | E17: 0 | F17: 0 | G17: 0 | H17: 0 | I17: 0 | J17: 0 | K17: Q | N17: 2 | O17: B | P17: Qatar | Q17: 0 | R17: 0 | S17: 0 | V17: Mexico | W17: =COUNTIFS(tPartidos[Jugado],"Sí",tPartidos[EquipoLocal],V17)+COUNTIFS(tPartidos[Jugado],"Sí",tPartidos[EquipoVisita],V17) -> 0 | X17: =SUMPRODUCT((tPartidos[Jugado]="Sí")*(tPartidos[EquipoLocal]=V17)*(tPartidos[GL_Real]>tPartidos[GV_Real]))+SUMPRODUCT((tPartidos[Jugado]="Sí")*(tPartidos[EquipoVisita]=V17)*(tPartidos[GV_Real]>tPartidos[GL_Real])) -> 0 | Y17: =SUMPRODUCT((tPartidos[Jugado]="Sí")*((tPartidos[EquipoLocal]=V17)+(tPartidos[EquipoVisita]=V17))*(tPartidos[GL_Real]=tPartidos[GV_Real])) -> 0 | Z17: =W17-X17-Y17 -> 0 | AA17: =SUMIFS(tPartidos[GL_Real],tPartidos[Jugado],"Sí",tPartidos[EquipoLocal],V17)+SUMIFS(tPartidos[GV_Real],tPartidos[Jugado],"Sí",tPartidos[EquipoVisita],V17) -> 0 | AB17: =SUMIFS(tPartidos[GV_Real],tPartidos[Jugado],"Sí",tPartidos[EquipoLocal],V17)+SUMIFS(tPartidos[GL_Real],tPartidos[Jugado],"Sí",tPartidos[EquipoVisita],V17) -> 0 | AC17: =AA17-AB17 -> 0 | AD17: =X17*3+Y17 -> 0
B18: South Africa | C18: 0 | D18: 0 | E18: 0 | F18: 0 | G18: 0 | H18: 0 | I18: 0 | J18: 0 | K18: =IF(ISNUMBER(MATCH($B18,$P$16:$P$23,0)),"3°","") -> 3° | N18: 3 | O18: C | P18: Morocco | Q18: 0 | R18: 0 | S18: 0 | V18: South Africa | W18: =COUNTIFS(tPartidos[Jugado],"Sí",tPartidos[EquipoLocal],V18)+COUNTIFS(tPartidos[Jugado],"Sí",tPartidos[EquipoVisita],V18) -> 0 | X18: =SUMPRODUCT((tPartidos[Jugado]="Sí")*(tPartidos[EquipoLocal]=V18)*(tPartidos[GL_Real]>tPartidos[GV_Real]))+SUMPRODUCT((tPartidos[Jugado]="Sí")*(tPartidos[EquipoVisita]=V18)*(tPartidos[GV_Real]>tPartidos[GL_Real])) -> 0 | Y18: =SUMPRODUCT((tPartidos[Jugado]="Sí")*((tPartidos[EquipoLocal]=V18)+(tPartidos[EquipoVisita]=V18))*(tPartidos[GL_Real]=tPartidos[GV_Real])) -> 0 | Z18: =W18-X18-Y18 -> 0 | AA18: =SUMIFS(tPartidos[GL_Real],tPartidos[Jugado],"Sí",tPartidos[EquipoLocal],V18)+SUMIFS(tPartidos[GV_Real],tPartidos[Jugado],"Sí",tPartidos[EquipoVisita],V18) -> 0 | AB18: =SUMIFS(tPartidos[GV_Real],tPartidos[Jugado],"Sí",tPartidos[EquipoLocal],V18)+SUMIFS(tPartidos[GL_Real],tPartidos[Jugado],"Sí",tPartidos[EquipoVisita],V18) -> 0 | AC18: =AA18-AB18 -> 0 | AD18: =X18*3+Y18 -> 0
B19: South Korea | C19: 0 | D19: 0 | E19: 0 | F19: 0 | G19: 0 | H19: 0 | I19: 0 | J19: 0 | N19: 4 | O19: D | P19: Türkiye | Q19: 0 | R19: 0 | S19: 0 | V19: South Korea | W19: =COUNTIFS(tPartidos[Jugado],"Sí",tPartidos[EquipoLocal],V19)+COUNTIFS(tPartidos[Jugado],"Sí",tPartidos[EquipoVisita],V19) -> 0 | X19: =SUMPRODUCT((tPartidos[Jugado]="Sí")*(tPartidos[EquipoLocal]=V19)*(tPartidos[GL_Real]>tPartidos[GV_Real]))+SUMPRODUCT((tPartidos[Jugado]="Sí")*(tPartidos[EquipoVisita]=V19)*(tPartidos[GV_Real]>tPartidos[GL_Real])) -> 0 | Y19: =SUMPRODUCT((tPartidos[Jugado]="Sí")*((tPartidos[EquipoLocal]=V19)+(tPartidos[EquipoVisita]=V19))*(tPartidos[GL_Real]=tPartidos[GV_Real])) -> 0 | Z19: =W19-X19-Y19 -> 0 | AA19: =SUMIFS(tPartidos[GL_Real],tPartidos[Jugado],"Sí",tPartidos[EquipoLocal],V19)+SUMIFS(tPartidos[GV_Real],tPartidos[Jugado],"Sí",tPartidos[EquipoVisita],V19) -> 0 | AB19: =SUMIFS(tPartidos[GV_Real],tPartidos[Jugado],"Sí",tPartidos[EquipoLocal],V19)+SUMIFS(tPartidos[GL_Real],tPartidos[Jugado],"Sí",tPartidos[EquipoVisita],V19) -> 0 | AC19: =AA19-AB19 -> 0 | AD19: =X19*3+Y19 -> 0
N20: 5 | O20: E | P20: Germany | Q20: 0 | R20: 0 | S20: 0
B21: Grupo B | N21: 6 | O21: F | P21: Sweden | Q21: 0 | R21: 0 | S21: 0
B22: Equipo | C22: PJ | D22: G | E22: E | F22: P | G22: GF | H22: GC | I22: DG | J22: Pts | K22: Clasifica | N22: 7 | O22: G | P22: Iran | Q22: 0 | R22: 0 | S22: 0
B23: {=_xlfn.SORTBY(V23:AD26,AD23:AD26,-1,AC23:AC26,-1,AA23:AA26,-1)} -> Bosnia & Herzegovina | C23: 0 | D23: 0 | E23: 0 | F23: 0 | G23: 0 | H23: 0 | I23: 0 | J23: 0 | K23: Q | N23: 8 | O23: H | P23: Spain | Q23: 0 | R23: 0 | S23: 0 | V23: Bosnia & Herzegovina | W23: =COUNTIFS(tPartidos[Jugado],"Sí",tPartidos[EquipoLocal],V23)+COUNTIFS(tPartidos[Jugado],"Sí",tPartidos[EquipoVisita],V23) -> 0 | X23: =SUMPRODUCT((tPartidos[Jugado]="Sí")*(tPartidos[EquipoLocal]=V23)*(tPartidos[GL_Real]>tPartidos[GV_Real]))+SUMPRODUCT((tPartidos[Jugado]="Sí")*(tPartidos[EquipoVisita]=V23)*(tPartidos[GV_Real]>tPartidos[GL_Real])) -> 0 | Y23: =SUMPRODUCT((tPartidos[Jugado]="Sí")*((tPartidos[EquipoLocal]=V23)+(tPartidos[EquipoVisita]=V23))*(tPartidos[GL_Real]=tPartidos[GV_Real])) -> 0 | Z23: =W23-X23-Y23 -> 0 | AA23: =SUMIFS(tPartidos[GL_Real],tPartidos[Jugado],"Sí",tPartidos[EquipoLocal],V23)+SUMIFS(tPartidos[GV_Real],tPartidos[Jugado],"Sí",tPartidos[EquipoVisita],V23) -> 0 | AB23: =SUMIFS(tPartidos[GV_Real],tPartidos[Jugado],"Sí",tPartidos[EquipoLocal],V23)+SUMIFS(tPartidos[GL_Real],tPartidos[Jugado],"Sí",tPartidos[EquipoVisita],V23) -> 0 | AC23: =AA23-AB23 -> 0 | AD23: =X23*3+Y23 -> 0
B24: Canada | C24: 0 | D24: 0 | E24: 0 | F24: 0 | G24: 0 | H24: 0 | I24: 0 | J24: 0 | K24: Q | V24: Canada | W24: =COUNTIFS(tPartidos[Jugado],"Sí",tPartidos[EquipoLocal],V24)+COUNTIFS(tPartidos[Jugado],"Sí",tPartidos[EquipoVisita],V24) -> 0 | X24: =SUMPRODUCT((tPartidos[Jugado]="Sí")*(tPartidos[EquipoLocal]=V24)*(tPartidos[GL_Real]>tPartidos[GV_Real]))+SUMPRODUCT((tPartidos[Jugado]="Sí")*(tPartidos[EquipoVisita]=V24)*(tPartidos[GV_Real]>tPartidos[GL_Real])) -> 0 | Y24: =SUMPRODUCT((tPartidos[Jugado]="Sí")*((tPartidos[EquipoLocal]=V24)+(tPartidos[EquipoVisita]=V24))*(tPartidos[GL_Real]=tPartidos[GV_Real])) -> 0 | Z24: =W24-X24-Y24 -> 0 | AA24: =SUMIFS(tPartidos[GL_Real],tPartidos[Jugado],"Sí",tPartidos[EquipoLocal],V24)+SUMIFS(tPartidos[GV_Real],tPartidos[Jugado],"Sí",tPartidos[EquipoVisita],V24) -> 0 | AB24: =SUMIFS(tPartidos[GV_Real],tPartidos[Jugado],"Sí",tPartidos[EquipoLocal],V24)+SUMIFS(tPartidos[GL_Real],tPartidos[Jugado],"Sí",tPartidos[EquipoVisita],V24) -> 0 | AC24: =AA24-AB24 -> 0 | AD24: =X24*3+Y24 -> 0
B25: Qatar | C25: 0 | D25: 0 | E25: 0 | F25: 0 | G25: 0 | H25: 0 | I25: 0 | J25: 0 | K25: =IF(ISNUMBER(MATCH($B25,$P$16:$P$23,0)),"3°","") -> 3° | V25: Qatar | W25: =COUNTIFS(tPartidos[Jugado],"Sí",tPartidos[EquipoLocal],V25)+COUNTIFS(tPartidos[Jugado],"Sí",tPartidos[EquipoVisita],V25) -> 0 | X25: =SUMPRODUCT((tPartidos[Jugado]="Sí")*(tPartidos[EquipoLocal]=V25)*(tPartidos[GL_Real]>tPartidos[GV_Real]))+SUMPRODUCT((tPartidos[Jugado]="Sí")*(tPartidos[EquipoVisita]=V25)*(tPartidos[GV_Real]>tPartidos[GL_Real])) -> 0 | Y25: =SUMPRODUCT((tPartidos[Jugado]="Sí")*((tPartidos[EquipoLocal]=V25)+(tPartidos[EquipoVisita]=V25))*(tPartidos[GL_Real]=tPartidos[GV_Real])) -> 0 | Z25: =W25-X25-Y25 -> 0 | AA25: =SUMIFS(tPartidos[GL_Real],tPartidos[Jugado],"Sí",tPartidos[EquipoLocal],V25)+SUMIFS(tPartidos[GV_Real],tPartidos[Jugado],"Sí",tPartidos[EquipoVisita],V25) -> 0 | AB25: =SUMIFS(tPartidos[GV_Real],tPartidos[Jugado],"Sí",tPartidos[EquipoLocal],V25)+SUMIFS(tPartidos[GL_Real],tPartidos[Jugado],"Sí",tPartidos[EquipoVisita],V25) -> 0 | AC25: =AA25-AB25 -> 0 | AD25: =X25*3+Y25 -> 0
B26: Switzerland | C26: 0 | D26: 0 | E26: 0 | F26: 0 | G26: 0 | H26: 0 | I26: 0 | J26: 0 | V26: Switzerland | W26: =COUNTIFS(tPartidos[Jugado],"Sí",tPartidos[EquipoLocal],V26)+COUNTIFS(tPartidos[Jugado],"Sí",tPartidos[EquipoVisita],V26) -> 0 | X26: =SUMPRODUCT((tPartidos[Jugado]="Sí")*(tPartidos[EquipoLocal]=V26)*(tPartidos[GL_Real]>tPartidos[GV_Real]))+SUMPRODUCT((tPartidos[Jugado]="Sí")*(tPartidos[EquipoVisita]=V26)*(tPartidos[GV_Real]>tPartidos[GL_Real])) -> 0 | Y26: =SUMPRODUCT((tPartidos[Jugado]="Sí")*((tPartidos[EquipoLocal]=V26)+(tPartidos[EquipoVisita]=V26))*(tPartidos[GL_Real]=tPartidos[GV_Real])) -> 0 | Z26: =W26-X26-Y26 -> 0 | AA26: =SUMIFS(tPartidos[GL_Real],tPartidos[Jugado],"Sí",tPartidos[EquipoLocal],V26)+SUMIFS(tPartidos[GV_Real],tPartidos[Jugado],"Sí",tPartidos[EquipoVisita],V26) -> 0 | AB26: =SUMIFS(tPartidos[GV_Real],tPartidos[Jugado],"Sí",tPartidos[EquipoLocal],V26)+SUMIFS(tPartidos[GL_Real],tPartidos[Jugado],"Sí",tPartidos[EquipoVisita],V26) -> 0 | AC26: =AA26-AB26 -> 0 | AD26: =X26*3+Y26 -> 0
B28: Grupo C
B29: Equipo | C29: PJ | D29: G | E29: E | F29: P | G29: GF | H29: GC | I29: DG | J29: Pts | K29: Clasifica
B30: {=_xlfn.SORTBY(V30:AD33,AD30:AD33,-1,AC30:AC33,-1,AA30:AA33,-1)} -> Brazil | C30: 0 | D30: 0 | E30: 0 | F30: 0 | G30: 0 | H30: 0 | I30: 0 | J30: 0 | K30: Q | V30: Brazil | W30: =COUNTIFS(tPartidos[Jugado],"Sí",tPartidos[EquipoLocal],V30)+COUNTIFS(tPartidos[Jugado],"Sí",tPartidos[EquipoVisita],V30) -> 0 | X30: =SUMPRODUCT((tPartidos[Jugado]="Sí")*(tPartidos[EquipoLocal]=V30)*(tPartidos[GL_Real]>tPartidos[GV_Real]))+SUMPRODUCT((tPartidos[Jugado]="Sí")*(tPartidos[EquipoVisita]=V30)*(tPartidos[GV_Real]>tPartidos[GL_Real])) -> 0 | Y30: =SUMPRODUCT((tPartidos[Jugado]="Sí")*((tPartidos[EquipoLocal]=V30)+(tPartidos[EquipoVisita]=V30))*(tPartidos[GL_Real]=tPartidos[GV_Real])) -> 0 | Z30: =W30-X30-Y30 -> 0 | AA30: =SUMIFS(tPartidos[GL_Real],tPartidos[Jugado],"Sí",tPartidos[EquipoLocal],V30)+SUMIFS(tPartidos[GV_Real],tPartidos[Jugado],"Sí",tPartidos[EquipoVisita],V30) -> 0 | AB30: =SUMIFS(tPartidos[GV_Real],tPartidos[Jugado],"Sí",tPartidos[EquipoLocal],V30)+SUMIFS(tPartidos[GL_Real],tPartidos[Jugado],"Sí",tPartidos[EquipoVisita],V30) -> 0 | AC30: =AA30-AB30 -> 0 | AD30: =X30*3+Y30 -> 0
B31: Haiti | C31: 0 | D31: 0 | E31: 0 | F31: 0 | G31: 0 | H31: 0 | I31: 0 | J31: 0 | K31: Q | V31: Haiti | W31: =COUNTIFS(tPartidos[Jugado],"Sí",tPartidos[EquipoLocal],V31)+COUNTIFS(tPartidos[Jugado],"Sí",tPartidos[EquipoVisita],V31) -> 0 | X31: =SUMPRODUCT((tPartidos[Jugado]="Sí")*(tPartidos[EquipoLocal]=V31)*(tPartidos[GL_Real]>tPartidos[GV_Real]))+SUMPRODUCT((tPartidos[Jugado]="Sí")*(tPartidos[EquipoVisita]=V31)*(tPartidos[GV_Real]>tPartidos[GL_Real])) -> 0 | Y31: =SUMPRODUCT((tPartidos[Jugado]="Sí")*((tPartidos[EquipoLocal]=V31)+(tPartidos[EquipoVisita]=V31))*(tPartidos[GL_Real]=tPartidos[GV_Real])) -> 0 | Z31: =W31-X31-Y31 -> 0 | AA31: =SUMIFS(tPartidos[GL_Real],tPartidos[Jugado],"Sí",tPartidos[EquipoLocal],V31)+SUMIFS(tPartidos[GV_Real],tPartidos[Jugado],"Sí",tPartidos[EquipoVisita],V31) -> 0 | AB31: =SUMIFS(tPartidos[GV_Real],tPartidos[Jugado],"Sí",tPartidos[EquipoLocal],V31)+SUMIFS(tPartidos[GL_Real],tPartidos[Jugado],"Sí",tPartidos[EquipoVisita],V31) -> 0 | AC31: =AA31-AB31 -> 0 | AD31: =X31*3+Y31 -> 0
B32: Morocco | C32: 0 | D32: 0 | E32: 0 | F32: 0 | G32: 0 | H32: 0 | I32: 0 | J32: 0 | K32: =IF(ISNUMBER(MATCH($B32,$P$16:$P$23,0)),"3°","") -> 3° | V32: Morocco | W32: =COUNTIFS(tPartidos[Jugado],"Sí",tPartidos[EquipoLocal],V32)+COUNTIFS(tPartidos[Jugado],"Sí",tPartidos[EquipoVisita],V32) -> 0 | X32: =SUMPRODUCT((tPartidos[Jugado]="Sí")*(tPartidos[EquipoLocal]=V32)*(tPartidos[GL_Real]>tPartidos[GV_Real]))+SUMPRODUCT((tPartidos[Jugado]="Sí")*(tPartidos[EquipoVisita]=V32)*(tPartidos[GV_Real]>tPartidos[GL_Real])) -> 0 | Y32: =SUMPRODUCT((tPartidos[Jugado]="Sí")*((tPartidos[EquipoLocal]=V32)+(tPartidos[EquipoVisita]=V32))*(tPartidos[GL_Real]=tPartidos[GV_Real])) -> 0 | Z32: =W32-X32-Y32 -> 0 | AA32: =SUMIFS(tPartidos[GL_Real],tPartidos[Jugado],"Sí",tPartidos[EquipoLocal],V32)+SUMIFS(tPartidos[GV_Real],tPartidos[Jugado],"Sí",tPartidos[EquipoVisita],V32) -> 0 | AB32: =SUMIFS(tPartidos[GV_Real],tPartidos[Jugado],"Sí",tPartidos[EquipoLocal],V32)+SUMIFS(tPartidos[GL_Real],tPartidos[Jugado],"Sí",tPartidos[EquipoVisita],V32) -> 0 | AC32: =AA32-AB32 -> 0 | AD32: =X32*3+Y32 -> 0
B33: Scotland | C33: 0 | D33: 0 | E33: 0 | F33: 0 | G33: 0 | H33: 0 | I33: 0 | J33: 0 | V33: Scotland | W33: =COUNTIFS(tPartidos[Jugado],"Sí",tPartidos[EquipoLocal],V33)+COUNTIFS(tPartidos[Jugado],"Sí",tPartidos[EquipoVisita],V33) -> 0 | X33: =SUMPRODUCT((tPartidos[Jugado]="Sí")*(tPartidos[EquipoLocal]=V33)*(tPartidos[GL_Real]>tPartidos[GV_Real]))+SUMPRODUCT((tPartidos[Jugado]="Sí")*(tPartidos[EquipoVisita]=V33)*(tPartidos[GV_Real]>tPartidos[GL_Real])) -> 0 | Y33: =SUMPRODUCT((tPartidos[Jugado]="Sí")*((tPartidos[EquipoLocal]=V33)+(tPartidos[EquipoVisita]=V33))*(tPartidos[GL_Real]=tPartidos[GV_Real])) -> 0 | Z33: =W33-X33-Y33 -> 0 | AA33: =SUMIFS(tPartidos[GL_Real],tPartidos[Jugado],"Sí",tPartidos[EquipoLocal],V33)+SUMIFS(tPartidos[GV_Real],tPartidos[Jugado],"Sí",tPartidos[EquipoVisita],V33) -> 0 | AB33: =SUMIFS(tPartidos[GV_Real],tPartidos[Jugado],"Sí",tPartidos[EquipoLocal],V33)+SUMIFS(tPartidos[GL_Real],tPartidos[Jugado],"Sí",tPartidos[EquipoVisita],V33) -> 0 | AC33: =AA33-AB33 -> 0 | AD33: =X33*3+Y33 -> 0
B35: Grupo D
B36: Equipo | C36: PJ | D36: G | E36: E | F36: P | G36: GF | H36: GC | I36: DG | J36: Pts | K36: Clasifica
B37: {=_xlfn.SORTBY(V37:AD40,AD37:AD40,-1,AC37:AC40,-1,AA37:AA40,-1)} -> Australia | C37: 0 | D37: 0 | E37: 0 | F37: 0 | G37: 0 | H37: 0 | I37: 0 | J37: 0 | K37: Q | V37: Australia | W37: =COUNTIFS(tPartidos[Jugado],"Sí",tPartidos[EquipoLocal],V37)+COUNTIFS(tPartidos[Jugado],"Sí",tPartidos[EquipoVisita],V37) -> 0 | X37: =SUMPRODUCT((tPartidos[Jugado]="Sí")*(tPartidos[EquipoLocal]=V37)*(tPartidos[GL_Real]>tPartidos[GV_Real]))+SUMPRODUCT((tPartidos[Jugado]="Sí")*(tPartidos[EquipoVisita]=V37)*(tPartidos[GV_Real]>tPartidos[GL_Real])) -> 0 | Y37: =SUMPRODUCT((tPartidos[Jugado]="Sí")*((tPartidos[EquipoLocal]=V37)+(tPartidos[EquipoVisita]=V37))*(tPartidos[GL_Real]=tPartidos[GV_Real])) -> 0 | Z37: =W37-X37-Y37 -> 0 | AA37: =SUMIFS(tPartidos[GL_Real],tPartidos[Jugado],"Sí",tPartidos[EquipoLocal],V37)+SUMIFS(tPartidos[GV_Real],tPartidos[Jugado],"Sí",tPartidos[EquipoVisita],V37) -> 0 | AB37: =SUMIFS(tPartidos[GV_Real],tPartidos[Jugado],"Sí",tPartidos[EquipoLocal],V37)+SUMIFS(tPartidos[GL_Real],tPartidos[Jugado],"Sí",tPartidos[EquipoVisita],V37) -> 0 | AC37: =AA37-AB37 -> 0 | AD37: =X37*3+Y37 -> 0
B38: Paraguay | C38: 0 | D38: 0 | E38: 0 | F38: 0 | G38: 0 | H38: 0 | I38: 0 | J38: 0 | K38: Q | V38: Paraguay | W38: =COUNTIFS(tPartidos[Jugado],"Sí",tPartidos[EquipoLocal],V38)+COUNTIFS(tPartidos[Jugado],"Sí",tPartidos[EquipoVisita],V38) -> 0 | X38: =SUMPRODUCT((tPartidos[Jugado]="Sí")*(tPartidos[EquipoLocal]=V38)*(tPartidos[GL_Real]>tPartidos[GV_Real]))+SUMPRODUCT((tPartidos[Jugado]="Sí")*(tPartidos[EquipoVisita]=V38)*(tPartidos[GV_Real]>tPartidos[GL_Real])) -> 0 | Y38: =SUMPRODUCT((tPartidos[Jugado]="Sí")*((tPartidos[EquipoLocal]=V38)+(tPartidos[EquipoVisita]=V38))*(tPartidos[GL_Real]=tPartidos[GV_Real])) -> 0 | Z38: =W38-X38-Y38 -> 0 | AA38: =SUMIFS(tPartidos[GL_Real],tPartidos[Jugado],"Sí",tPartidos[EquipoLocal],V38)+SUMIFS(tPartidos[GV_Real],tPartidos[Jugado],"Sí",tPartidos[EquipoVisita],V38) -> 0 | AB38: =SUMIFS(tPartidos[GV_Real],tPartidos[Jugado],"Sí",tPartidos[EquipoLocal],V38)+SUMIFS(tPartidos[GL_Real],tPartidos[Jugado],"Sí",tPartidos[EquipoVisita],V38) -> 0 | AC38: =AA38-AB38 -> 0 | AD38: =X38*3+Y38 -> 0
B39: Türkiye | C39: 0 | D39: 0 | E39: 0 | F39: 0 | G39: 0 | H39: 0 | I39: 0 | J39: 0 | K39: =IF(ISNUMBER(MATCH($B39,$P$16:$P$23,0)),"3°","") -> 3° | V39: Türkiye | W39: =COUNTIFS(tPartidos[Jugado],"Sí",tPartidos[EquipoLocal],V39)+COUNTIFS(tPartidos[Jugado],"Sí",tPartidos[EquipoVisita],V39) -> 0 | X39: =SUMPRODUCT((tPartidos[Jugado]="Sí")*(tPartidos[EquipoLocal]=V39)*(tPartidos[GL_Real]>tPartidos[GV_Real]))+SUMPRODUCT((tPartidos[Jugado]="Sí")*(tPartidos[EquipoVisita]=V39)*(tPartidos[GV_Real]>tPartidos[GL_Real])) -> 0 | Y39: =SUMPRODUCT((tPartidos[Jugado]="Sí")*((tPartidos[EquipoLocal]=V39)+(tPartidos[EquipoVisita]=V39))*(tPartidos[GL_Real]=tPartidos[GV_Real])) -> 0 | Z39: =W39-X39-Y39 -> 0 | AA39: =SUMIFS(tPartidos[GL_Real],tPartidos[Jugado],"Sí",tPartidos[EquipoLocal],V39)+SUMIFS(tPartidos[GV_Real],tPartidos[Jugado],"Sí",tPartidos[EquipoVisita],V39) -> 0 | AB39: =SUMIFS(tPartidos[GV_Real],tPartidos[Jugado],"Sí",tPartidos[EquipoLocal],V39)+SUMIFS(tPartidos[GL_Real],tPartidos[Jugado],"Sí",tPartidos[EquipoVisita],V39) -> 0 | AC39: =AA39-AB39 -> 0 | AD39: =X39*3+Y39 -> 0
B40: USA | C40: 0 | D40: 0 | E40: 0 | F40: 0 | G40: 0 | H40: 0 | I40: 0 | J40: 0 | V40: USA | W40: =COUNTIFS(tPartidos[Jugado],"Sí",tPartidos[EquipoLocal],V40)+COUNTIFS(tPartidos[Jugado],"Sí",tPartidos[EquipoVisita],V40) -> 0 | X40: =SUMPRODUCT((tPartidos[Jugado]="Sí")*(tPartidos[EquipoLocal]=V40)*(tPartidos[GL_Real]>tPartidos[GV_Real]))+SUMPRODUCT((tPartidos[Jugado]="Sí")*(tPartidos[EquipoVisita]=V40)*(tPartidos[GV_Real]>tPartidos[GL_Real])) -> 0 | Y40: =SUMPRODUCT((tPartidos[Jugado]="Sí")*((tPartidos[EquipoLocal]=V40)+(tPartidos[EquipoVisita]=V40))*(tPartidos[GL_Real]=tPartidos[GV_Real])) -> 0 | Z40: =W40-X40-Y40 -> 0 | AA40: =SUMIFS(tPartidos[GL_Real],tPartidos[Jugado],"Sí",tPartidos[EquipoLocal],V40)+SUMIFS(tPartidos[GV_Real],tPartidos[Jugado],"Sí",tPartidos[EquipoVisita],V40) -> 0 | AB40: =SUMIFS(tPartidos[GV_Real],tPartidos[Jugado],"Sí",tPartidos[EquipoLocal],V40)+SUMIFS(tPartidos[GL_Real],tPartidos[Jugado],"Sí",tPartidos[EquipoVisita],V40) -> 0 | AC40: =AA40-AB40 -> 0 | AD40: =X40*3+Y40 -> 0
B42: Grupo E
B43: Equipo | C43: PJ | D43: G | E43: E | F43: P | G43: GF | H43: GC | I43: DG | J43: Pts | K43: Clasifica
B44: {=_xlfn.SORTBY(V44:AD47,AD44:AD47,-1,AC44:AC47,-1,AA44:AA47,-1)} -> Curaçao | C44: 0 | D44: 0 | E44: 0 | F44: 0 | G44: 0 | H44: 0 | I44: 0 | J44: 0 | K44: Q | V44: Curaçao | W44: =COUNTIFS(tPartidos[Jugado],"Sí",tPartidos[EquipoLocal],V44)+COUNTIFS(tPartidos[Jugado],"Sí",tPartidos[EquipoVisita],V44) -> 0 | X44: =SUMPRODUCT((tPartidos[Jugado]="Sí")*(tPartidos[EquipoLocal]=V44)*(tPartidos[GL_Real]>tPartidos[GV_Real]))+SUMPRODUCT((tPartidos[Jugado]="Sí")*(tPartidos[EquipoVisita]=V44)*(tPartidos[GV_Real]>tPartidos[GL_Real])) -> 0 | Y44: =SUMPRODUCT((tPartidos[Jugado]="Sí")*((tPartidos[EquipoLocal]=V44)+(tPartidos[EquipoVisita]=V44))*(tPartidos[GL_Real]=tPartidos[GV_Real])) -> 0 | Z44: =W44-X44-Y44 -> 0 | AA44: =SUMIFS(tPartidos[GL_Real],tPartidos[Jugado],"Sí",tPartidos[EquipoLocal],V44)+SUMIFS(tPartidos[GV_Real],tPartidos[Jugado],"Sí",tPartidos[EquipoVisita],V44) -> 0 | AB44: =SUMIFS(tPartidos[GV_Real],tPartidos[Jugado],"Sí",tPartidos[EquipoLocal],V44)+SUMIFS(tPartidos[GL_Real],tPartidos[Jugado],"Sí",tPartidos[EquipoVisita],V44) -> 0 | AC44: =AA44-AB44 -> 0 | AD44: =X44*3+Y44 -> 0
B45: Ecuador | C45: 0 | D45: 0 | E45: 0 | F45: 0 | G45: 0 | H45: 0 | I45: 0 | J45: 0 | K45: Q | V45: Ecuador | W45: =COUNTIFS(tPartidos[Jugado],"Sí",tPartidos[EquipoLocal],V45)+COUNTIFS(tPartidos[Jugado],"Sí",tPartidos[EquipoVisita],V45) -> 0 | X45: =SUMPRODUCT((tPartidos[Jugado]="Sí")*(tPartidos[EquipoLocal]=V45)*(tPartidos[GL_Real]>tPartidos[GV_Real]))+SUMPRODUCT((tPartidos[Jugado]="Sí")*(tPartidos[EquipoVisita]=V45)*(tPartidos[GV_Real]>tPartidos[GL_Real])) -> 0 | Y45: =SUMPRODUCT((tPartidos[Jugado]="Sí")*((tPartidos[EquipoLocal]=V45)+(tPartidos[EquipoVisita]=V45))*(tPartidos[GL_Real]=tPartidos[GV_Real])) -> 0 | Z45: =W45-X45-Y45 -> 0 | AA45: =SUMIFS(tPartidos[GL_Real],tPartidos[Jugado],"Sí",tPartidos[EquipoLocal],V45)+SUMIFS(tPartidos[GV_Real],tPartidos[Jugado],"Sí",tPartidos[EquipoVisita],V45) -> 0 | AB45: =SUMIFS(tPartidos[GV_Real],tPartidos[Jugado],"Sí",tPartidos[EquipoLocal],V45)+SUMIFS(tPartidos[GL_Real],tPartidos[Jugado],"Sí",tPartidos[EquipoVisita],V45) -> 0 | AC45: =AA45-AB45 -> 0 | AD45: =X45*3+Y45 -> 0
B46: Germany | C46: 0 | D46: 0 | E46: 0 | F46: 0 | G46: 0 | H46: 0 | I46: 0 | J46: 0 | K46: =IF(ISNUMBER(MATCH($B46,$P$16:$P$23,0)),"3°","") -> 3° | V46: Germany | W46: =COUNTIFS(tPartidos[Jugado],"Sí",tPartidos[EquipoLocal],V46)+COUNTIFS(tPartidos[Jugado],"Sí",tPartidos[EquipoVisita],V46) -> 0 | X46: =SUMPRODUCT((tPartidos[Jugado]="Sí")*(tPartidos[EquipoLocal]=V46)*(tPartidos[GL_Real]>tPartidos[GV_Real]))+SUMPRODUCT((tPartidos[Jugado]="Sí")*(tPartidos[EquipoVisita]=V46)*(tPartidos[GV_Real]>tPartidos[GL_Real])) -> 0 | Y46: =SUMPRODUCT((tPartidos[Jugado]="Sí")*((tPartidos[EquipoLocal]=V46)+(tPartidos[EquipoVisita]=V46))*(tPartidos[GL_Real]=tPartidos[GV_Real])) -> 0 | Z46: =W46-X46-Y46 -> 0 | AA46: =SUMIFS(tPartidos[GL_Real],tPartidos[Jugado],"Sí",tPartidos[EquipoLocal],V46)+SUMIFS(tPartidos[GV_Real],tPartidos[Jugado],"Sí",tPartidos[EquipoVisita],V46) -> 0 | AB46: =SUMIFS(tPartidos[GV_Real],tPartidos[Jugado],"Sí",tPartidos[EquipoLocal],V46)+SUMIFS(tPartidos[GL_Real],tPartidos[Jugado],"Sí",tPartidos[EquipoVisita],V46) -> 0 | AC46: =AA46-AB46 -> 0 | AD46: =X46*3+Y46 -> 0
B47: Ivory Coast | C47: 0 | D47: 0 | E47: 0 | F47: 0 | G47: 0 | H47: 0 | I47: 0 | J47: 0 | V47: Ivory Coast | W47: =COUNTIFS(tPartidos[Jugado],"Sí",tPartidos[EquipoLocal],V47)+COUNTIFS(tPartidos[Jugado],"Sí",tPartidos[EquipoVisita],V47) -> 0 | X47: =SUMPRODUCT((tPartidos[Jugado]="Sí")*(tPartidos[EquipoLocal]=V47)*(tPartidos[GL_Real]>tPartidos[GV_Real]))+SUMPRODUCT((tPartidos[Jugado]="Sí")*(tPartidos[EquipoVisita]=V47)*(tPartidos[GV_Real]>tPartidos[GL_Real])) -> 0 | Y47: =SUMPRODUCT((tPartidos[Jugado]="Sí")*((tPartidos[EquipoLocal]=V47)+(tPartidos[EquipoVisita]=V47))*(tPartidos[GL_Real]=tPartidos[GV_Real])) -> 0 | Z47: =W47-X47-Y47 -> 0 | AA47: =SUMIFS(tPartidos[GL_Real],tPartidos[Jugado],"Sí",tPartidos[EquipoLocal],V47)+SUMIFS(tPartidos[GV_Real],tPartidos[Jugado],"Sí",tPartidos[EquipoVisita],V47) -> 0 | AB47: =SUMIFS(tPartidos[GV_Real],tPartidos[Jugado],"Sí",tPartidos[EquipoLocal],V47)+SUMIFS(tPartidos[GL_Real],tPartidos[Jugado],"Sí",tPartidos[EquipoVisita],V47) -> 0 | AC47: =AA47-AB47 -> 0 | AD47: =X47*3+Y47 -> 0
B49: Grupo F
B50: Equipo | C50: PJ | D50: G | E50: E | F50: P | G50: GF | H50: GC | I50: DG | J50: Pts | K50: Clasifica
B51: {=_xlfn.SORTBY(V51:AD54,AD51:AD54,-1,AC51:AC54,-1,AA51:AA54,-1)} -> Japan | C51: 0 | D51: 0 | E51: 0 | F51: 0 | G51: 0 | H51: 0 | I51: 0 | J51: 0 | K51: Q | V51: Japan | W51: =COUNTIFS(tPartidos[Jugado],"Sí",tPartidos[EquipoLocal],V51)+COUNTIFS(tPartidos[Jugado],"Sí",tPartidos[EquipoVisita],V51) -> 0 | X51: =SUMPRODUCT((tPartidos[Jugado]="Sí")*(tPartidos[EquipoLocal]=V51)*(tPartidos[GL_Real]>tPartidos[GV_Real]))+SUMPRODUCT((tPartidos[Jugado]="Sí")*(tPartidos[EquipoVisita]=V51)*(tPartidos[GV_Real]>tPartidos[GL_Real])) -> 0 | Y51: =SUMPRODUCT((tPartidos[Jugado]="Sí")*((tPartidos[EquipoLocal]=V51)+(tPartidos[EquipoVisita]=V51))*(tPartidos[GL_Real]=tPartidos[GV_Real])) -> 0 | Z51: =W51-X51-Y51 -> 0 | AA51: =SUMIFS(tPartidos[GL_Real],tPartidos[Jugado],"Sí",tPartidos[EquipoLocal],V51)+SUMIFS(tPartidos[GV_Real],tPartidos[Jugado],"Sí",tPartidos[EquipoVisita],V51) -> 0 | AB51: =SUMIFS(tPartidos[GV_Real],tPartidos[Jugado],"Sí",tPartidos[EquipoLocal],V51)+SUMIFS(tPartidos[GL_Real],tPartidos[Jugado],"Sí",tPartidos[EquipoVisita],V51) -> 0 | AC51: =AA51-AB51 -> 0 | AD51: =X51*3+Y51 -> 0
B52: Netherlands | C52: 0 | D52: 0 | E52: 0 | F52: 0 | G52: 0 | H52: 0 | I52: 0 | J52: 0 | K52: Q | V52: Netherlands | W52: =COUNTIFS(tPartidos[Jugado],"Sí",tPartidos[EquipoLocal],V52)+COUNTIFS(tPartidos[Jugado],"Sí",tPartidos[EquipoVisita],V52) -> 0 | X52: =SUMPRODUCT((tPartidos[Jugado]="Sí")*(tPartidos[EquipoLocal]=V52)*(tPartidos[GL_Real]>tPartidos[GV_Real]))+SUMPRODUCT((tPartidos[Jugado]="Sí")*(tPartidos[EquipoVisita]=V52)*(tPartidos[GV_Real]>tPartidos[GL_Real])) -> 0 | Y52: =SUMPRODUCT((tPartidos[Jugado]="Sí")*((tPartidos[EquipoLocal]=V52)+(tPartidos[EquipoVisita]=V52))*(tPartidos[GL_Real]=tPartidos[GV_Real])) -> 0 | Z52: =W52-X52-Y52 -> 0 | AA52: =SUMIFS(tPartidos[GL_Real],tPartidos[Jugado],"Sí",tPartidos[EquipoLocal],V52)+SUMIFS(tPartidos[GV_Real],tPartidos[Jugado],"Sí",tPartidos[EquipoVisita],V52) -> 0 | AB52: =SUMIFS(tPartidos[GV_Real],tPartidos[Jugado],"Sí",tPartidos[EquipoLocal],V52)+SUMIFS(tPartidos[GL_Real],tPartidos[Jugado],"Sí",tPartidos[EquipoVisita],V52) -> 0 | AC52: =AA52-AB52 -> 0 | AD52: =X52*3+Y52 -> 0
B53: Sweden | C53: 0 | D53: 0 | E53: 0 | F53: 0 | G53: 0 | H53: 0 | I53: 0 | J53: 0 | K53: =IF(ISNUMBER(MATCH($B53,$P$16:$P$23,0)),"3°","") -> 3° | V53: Sweden | W53: =COUNTIFS(tPartidos[Jugado],"Sí",tPartidos[EquipoLocal],V53)+COUNTIFS(tPartidos[Jugado],"Sí",tPartidos[EquipoVisita],V53) -> 0 | X53: =SUMPRODUCT((tPartidos[Jugado]="Sí")*(tPartidos[EquipoLocal]=V53)*(tPartidos[GL_Real]>tPartidos[GV_Real]))+SUMPRODUCT((tPartidos[Jugado]="Sí")*(tPartidos[EquipoVisita]=V53)*(tPartidos[GV_Real]>tPartidos[GL_Real])) -> 0 | Y53: =SUMPRODUCT((tPartidos[Jugado]="Sí")*((tPartidos[EquipoLocal]=V53)+(tPartidos[EquipoVisita]=V53))*(tPartidos[GL_Real]=tPartidos[GV_Real])) -> 0 | Z53: =W53-X53-Y53 -> 0 | AA53: =SUMIFS(tPartidos[GL_Real],tPartidos[Jugado],"Sí",tPartidos[EquipoLocal],V53)+SUMIFS(tPartidos[GV_Real],tPartidos[Jugado],"Sí",tPartidos[EquipoVisita],V53) -> 0 | AB53: =SUMIFS(tPartidos[GV_Real],tPartidos[Jugado],"Sí",tPartidos[EquipoLocal],V53)+SUMIFS(tPartidos[GL_Real],tPartidos[Jugado],"Sí",tPartidos[EquipoVisita],V53) -> 0 | AC53: =AA53-AB53 -> 0 | AD53: =X53*3+Y53 -> 0
B54: Tunisia | C54: 0 | D54: 0 | E54: 0 | F54: 0 | G54: 0 | H54: 0 | I54: 0 | J54: 0 | V54: Tunisia | W54: =COUNTIFS(tPartidos[Jugado],"Sí",tPartidos[EquipoLocal],V54)+COUNTIFS(tPartidos[Jugado],"Sí",tPartidos[EquipoVisita],V54) -> 0 | X54: =SUMPRODUCT((tPartidos[Jugado]="Sí")*(tPartidos[EquipoLocal]=V54)*(tPartidos[GL_Real]>tPartidos[GV_Real]))+SUMPRODUCT((tPartidos[Jugado]="Sí")*(tPartidos[EquipoVisita]=V54)*(tPartidos[GV_Real]>tPartidos[GL_Real])) -> 0 | Y54: =SUMPRODUCT((tPartidos[Jugado]="Sí")*((tPartidos[EquipoLocal]=V54)+(tPartidos[EquipoVisita]=V54))*(tPartidos[GL_Real]=tPartidos[GV_Real])) -> 0 | Z54: =W54-X54-Y54 -> 0 | AA54: =SUMIFS(tPartidos[GL_Real],tPartidos[Jugado],"Sí",tPartidos[EquipoLocal],V54)+SUMIFS(tPartidos[GV_Real],tPartidos[Jugado],"Sí",tPartidos[EquipoVisita],V54) -> 0 | AB54: =SUMIFS(tPartidos[GV_Real],tPartidos[Jugado],"Sí",tPartidos[EquipoLocal],V54)+SUMIFS(tPartidos[GL_Real],tPartidos[Jugado],"Sí",tPartidos[EquipoVisita],V54) -> 0 | AC54: =AA54-AB54 -> 0 | AD54: =X54*3+Y54 -> 0
B56: Grupo G
B57: Equipo | C57: PJ | D57: G | E57: E | F57: P | G57: GF | H57: GC | I57: DG | J57: Pts | K57: Clasifica
B58: {=_xlfn.SORTBY(V58:AD61,AD58:AD61,-1,AC58:AC61,-1,AA58:AA61,-1)} -> Belgium | C58: 0 | D58: 0 | E58: 0 | F58: 0 | G58: 0 | H58: 0 | I58: 0 | J58: 0 | K58: Q | V58: Belgium | W58: =COUNTIFS(tPartidos[Jugado],"Sí",tPartidos[EquipoLocal],V58)+COUNTIFS(tPartidos[Jugado],"Sí",tPartidos[EquipoVisita],V58) -> 0 | X58: =SUMPRODUCT((tPartidos[Jugado]="Sí")*(tPartidos[EquipoLocal]=V58)*(tPartidos[GL_Real]>tPartidos[GV_Real]))+SUMPRODUCT((tPartidos[Jugado]="Sí")*(tPartidos[EquipoVisita]=V58)*(tPartidos[GV_Real]>tPartidos[GL_Real])) -> 0 | Y58: =SUMPRODUCT((tPartidos[Jugado]="Sí")*((tPartidos[EquipoLocal]=V58)+(tPartidos[EquipoVisita]=V58))*(tPartidos[GL_Real]=tPartidos[GV_Real])) -> 0 | Z58: =W58-X58-Y58 -> 0 | AA58: =SUMIFS(tPartidos[GL_Real],tPartidos[Jugado],"Sí",tPartidos[EquipoLocal],V58)+SUMIFS(tPartidos[GV_Real],tPartidos[Jugado],"Sí",tPartidos[EquipoVisita],V58) -> 0 | AB58: =SUMIFS(tPartidos[GV_Real],tPartidos[Jugado],"Sí",tPartidos[EquipoLocal],V58)+SUMIFS(tPartidos[GL_Real],tPartidos[Jugado],"Sí",tPartidos[EquipoVisita],V58) -> 0 | AC58: =AA58-AB58 -> 0 | AD58: =X58*3+Y58 -> 0
B59: Egypt | C59: 0 | D59: 0 | E59: 0 | F59: 0 | G59: 0 | H59: 0 | I59: 0 | J59: 0 | K59: Q | V59: Egypt | W59: =COUNTIFS(tPartidos[Jugado],"Sí",tPartidos[EquipoLocal],V59)+COUNTIFS(tPartidos[Jugado],"Sí",tPartidos[EquipoVisita],V59) -> 0 | X59: =SUMPRODUCT((tPartidos[Jugado]="Sí")*(tPartidos[EquipoLocal]=V59)*(tPartidos[GL_Real]>tPartidos[GV_Real]))+SUMPRODUCT((tPartidos[Jugado]="Sí")*(tPartidos[EquipoVisita]=V59)*(tPartidos[GV_Real]>tPartidos[GL_Real])) -> 0 | Y59: =SUMPRODUCT((tPartidos[Jugado]="Sí")*((tPartidos[EquipoLocal]=V59)+(tPartidos[EquipoVisita]=V59))*(tPartidos[GL_Real]=tPartidos[GV_Real])) -> 0 | Z59: =W59-X59-Y59 -> 0 | AA59: =SUMIFS(tPartidos[GL_Real],tPartidos[Jugado],"Sí",tPartidos[EquipoLocal],V59)+SUMIFS(tPartidos[GV_Real],tPartidos[Jugado],"Sí",tPartidos[EquipoVisita],V59) -> 0 | AB59: =SUMIFS(tPartidos[GV_Real],tPartidos[Jugado],"Sí",tPartidos[EquipoLocal],V59)+SUMIFS(tPartidos[GL_Real],tPartidos[Jugado],"Sí",tPartidos[EquipoVisita],V59) -> 0 | AC59: =AA59-AB59 -> 0 | AD59: =X59*3+Y59 -> 0
B60: Iran | C60: 0 | D60: 0 | E60: 0 | F60: 0 | G60: 0 | H60: 0 | I60: 0 | J60: 0 | K60: =IF(ISNUMBER(MATCH($B60,$P$16:$P$23,0)),"3°","") -> 3° | V60: Iran | W60: =COUNTIFS(tPartidos[Jugado],"Sí",tPartidos[EquipoLocal],V60)+COUNTIFS(tPartidos[Jugado],"Sí",tPartidos[EquipoVisita],V60) -> 0 | X60: =SUMPRODUCT((tPartidos[Jugado]="Sí")*(tPartidos[EquipoLocal]=V60)*(tPartidos[GL_Real]>tPartidos[GV_Real]))+SUMPRODUCT((tPartidos[Jugado]="Sí")*(tPartidos[EquipoVisita]=V60)*(tPartidos[GV_Real]>tPartidos[GL_Real])) -> 0 | Y60: =SUMPRODUCT((tPartidos[Jugado]="Sí")*((tPartidos[EquipoLocal]=V60)+(tPartidos[EquipoVisita]=V60))*(tPartidos[GL_Real]=tPartidos[GV_Real])) -> 0 | Z60: =W60-X60-Y60 -> 0 | AA60: =SUMIFS(tPartidos[GL_Real],tPartidos[Jugado],"Sí",tPartidos[EquipoLocal],V60)+SUMIFS(tPartidos[GV_Real],tPartidos[Jugado],"Sí",tPartidos[EquipoVisita],V60) -> 0 | AB60: =SUMIFS(tPartidos[GV_Real],tPartidos[Jugado],"Sí",tPartidos[EquipoLocal],V60)+SUMIFS(tPartidos[GL_Real],tPartidos[Jugado],"Sí",tPartidos[EquipoVisita],V60) -> 0 | AC60: =AA60-AB60 -> 0 | AD60: =X60*3+Y60 -> 0
B61: New Zealand | C61: 0 | D61: 0 | E61: 0 | F61: 0 | G61: 0 | H61: 0 | I61: 0 | J61: 0 | V61: New Zealand | W61: =COUNTIFS(tPartidos[Jugado],"Sí",tPartidos[EquipoLocal],V61)+COUNTIFS(tPartidos[Jugado],"Sí",tPartidos[EquipoVisita],V61) -> 0 | X61: =SUMPRODUCT((tPartidos[Jugado]="Sí")*(tPartidos[EquipoLocal]=V61)*(tPartidos[GL_Real]>tPartidos[GV_Real]))+SUMPRODUCT((tPartidos[Jugado]="Sí")*(tPartidos[EquipoVisita]=V61)*(tPartidos[GV_Real]>tPartidos[GL_Real])) -> 0 | Y61: =SUMPRODUCT((tPartidos[Jugado]="Sí")*((tPartidos[EquipoLocal]=V61)+(tPartidos[EquipoVisita]=V61))*(tPartidos[GL_Real]=tPartidos[GV_Real])) -> 0 | Z61: =W61-X61-Y61 -> 0 | AA61: =SUMIFS(tPartidos[GL_Real],tPartidos[Jugado],"Sí",tPartidos[EquipoLocal],V61)+SUMIFS(tPartidos[GV_Real],tPartidos[Jugado],"Sí",tPartidos[EquipoVisita],V61) -> 0 | AB61: =SUMIFS(tPartidos[GV_Real],tPartidos[Jugado],"Sí",tPartidos[EquipoLocal],V61)+SUMIFS(tPartidos[GL_Real],tPartidos[Jugado],"Sí",tPartidos[EquipoVisita],V61) -> 0 | AC61: =AA61-AB61 -> 0 | AD61: =X61*3+Y61 -> 0
B63: Grupo H
B64: Equipo | C64: PJ | D64: G | E64: E | F64: P | G64: GF | H64: GC | I64: DG | J64: Pts | K64: Clasifica
B65: {=_xlfn.SORTBY(V65:AD68,AD65:AD68,-1,AC65:AC68,-1,AA65:AA68,-1)} -> Cape Verde | C65: 0 | D65: 0 | E65: 0 | F65: 0 | G65: 0 | H65: 0 | I65: 0 | J65: 0 | K65: Q | V65: Cape Verde | W65: =COUNTIFS(tPartidos[Jugado],"Sí",tPartidos[EquipoLocal],V65)+COUNTIFS(tPartidos[Jugado],"Sí",tPartidos[EquipoVisita],V65) -> 0 | X65: =SUMPRODUCT((tPartidos[Jugado]="Sí")*(tPartidos[EquipoLocal]=V65)*(tPartidos[GL_Real]>tPartidos[GV_Real]))+SUMPRODUCT((tPartidos[Jugado]="Sí")*(tPartidos[EquipoVisita]=V65)*(tPartidos[GV_Real]>tPartidos[GL_Real])) -> 0 | Y65: =SUMPRODUCT((tPartidos[Jugado]="Sí")*((tPartidos[EquipoLocal]=V65)+(tPartidos[EquipoVisita]=V65))*(tPartidos[GL_Real]=tPartidos[GV_Real])) -> 0 | Z65: =W65-X65-Y65 -> 0 | AA65: =SUMIFS(tPartidos[GL_Real],tPartidos[Jugado],"Sí",tPartidos[EquipoLocal],V65)+SUMIFS(tPartidos[GV_Real],tPartidos[Jugado],"Sí",tPartidos[EquipoVisita],V65) -> 0 | AB65: =SUMIFS(tPartidos[GV_Real],tPartidos[Jugado],"Sí",tPartidos[EquipoLocal],V65)+SUMIFS(tPartidos[GL_Real],tPartidos[Jugado],"Sí",tPartidos[EquipoVisita],V65) -> 0 | AC65: =AA65-AB65 -> 0 | AD65: =X65*3+Y65 -> 0
B66: Saudi Arabia | C66: 0 | D66: 0 | E66: 0 | F66: 0 | G66: 0 | H66: 0 | I66: 0 | J66: 0 | K66: Q | V66: Saudi Arabia | W66: =COUNTIFS(tPartidos[Jugado],"Sí",tPartidos[EquipoLocal],V66)+COUNTIFS(tPartidos[Jugado],"Sí",tPartidos[EquipoVisita],V66) -> 0 | X66: =SUMPRODUCT((tPartidos[Jugado]="Sí")*(tPartidos[EquipoLocal]=V66)*(tPartidos[GL_Real]>tPartidos[GV_Real]))+SUMPRODUCT((tPartidos[Jugado]="Sí")*(tPartidos[EquipoVisita]=V66)*(tPartidos[GV_Real]>tPartidos[GL_Real])) -> 0 | Y66: =SUMPRODUCT((tPartidos[Jugado]="Sí")*((tPartidos[EquipoLocal]=V66)+(tPartidos[EquipoVisita]=V66))*(tPartidos[GL_Real]=tPartidos[GV_Real])) -> 0 | Z66: =W66-X66-Y66 -> 0 | AA66: =SUMIFS(tPartidos[GL_Real],tPartidos[Jugado],"Sí",tPartidos[EquipoLocal],V66)+SUMIFS(tPartidos[GV_Real],tPartidos[Jugado],"Sí",tPartidos[EquipoVisita],V66) -> 0 | AB66: =SUMIFS(tPartidos[GV_Real],tPartidos[Jugado],"Sí",tPartidos[EquipoLocal],V66)+SUMIFS(tPartidos[GL_Real],tPartidos[Jugado],"Sí",tPartidos[EquipoVisita],V66) -> 0 | AC66: =AA66-AB66 -> 0 | AD66: =X66*3+Y66 -> 0
B67: Spain | C67: 0 | D67: 0 | E67: 0 | F67: 0 | G67: 0 | H67: 0 | I67: 0 | J67: 0 | K67: =IF(ISNUMBER(MATCH($B67,$P$16:$P$23,0)),"3°","") -> 3° | V67: Spain | W67: =COUNTIFS(tPartidos[Jugado],"Sí",tPartidos[EquipoLocal],V67)+COUNTIFS(tPartidos[Jugado],"Sí",tPartidos[EquipoVisita],V67) -> 0 | X67: =SUMPRODUCT((tPartidos[Jugado]="Sí")*(tPartidos[EquipoLocal]=V67)*(tPartidos[GL_Real]>tPartidos[GV_Real]))+SUMPRODUCT((tPartidos[Jugado]="Sí")*(tPartidos[EquipoVisita]=V67)*(tPartidos[GV_Real]>tPartidos[GL_Real])) -> 0 | Y67: =SUMPRODUCT((tPartidos[Jugado]="Sí")*((tPartidos[EquipoLocal]=V67)+(tPartidos[EquipoVisita]=V67))*(tPartidos[GL_Real]=tPartidos[GV_Real])) -> 0 | Z67: =W67-X67-Y67 -> 0 | AA67: =SUMIFS(tPartidos[GL_Real],tPartidos[Jugado],"Sí",tPartidos[EquipoLocal],V67)+SUMIFS(tPartidos[GV_Real],tPartidos[Jugado],"Sí",tPartidos[EquipoVisita],V67) -> 0 | AB67: =SUMIFS(tPartidos[GV_Real],tPartidos[Jugado],"Sí",tPartidos[EquipoLocal],V67)+SUMIFS(tPartidos[GL_Real],tPartidos[Jugado],"Sí",tPartidos[EquipoVisita],V67) -> 0 | AC67: =AA67-AB67 -> 0 | AD67: =X67*3+Y67 -> 0
B68: Uruguay | C68: 0 | D68: 0 | E68: 0 | F68: 0 | G68: 0 | H68: 0 | I68: 0 | J68: 0 | V68: Uruguay | W68: =COUNTIFS(tPartidos[Jugado],"Sí",tPartidos[EquipoLocal],V68)+COUNTIFS(tPartidos[Jugado],"Sí",tPartidos[EquipoVisita],V68) -> 0 | X68: =SUMPRODUCT((tPartidos[Jugado]="Sí")*(tPartidos[EquipoLocal]=V68)*(tPartidos[GL_Real]>tPartidos[GV_Real]))+SUMPRODUCT((tPartidos[Jugado]="Sí")*(tPartidos[EquipoVisita]=V68)*(tPartidos[GV_Real]>tPartidos[GL_Real])) -> 0 | Y68: =SUMPRODUCT((tPartidos[Jugado]="Sí")*((tPartidos[EquipoLocal]=V68)+(tPartidos[EquipoVisita]=V68))*(tPartidos[GL_Real]=tPartidos[GV_Real])) -> 0 | Z68: =W68-X68-Y68 -> 0 | AA68: =SUMIFS(tPartidos[GL_Real],tPartidos[Jugado],"Sí",tPartidos[EquipoLocal],V68)+SUMIFS(tPartidos[GV_Real],tPartidos[Jugado],"Sí",tPartidos[EquipoVisita],V68) -> 0 | AB68: =SUMIFS(tPartidos[GV_Real],tPartidos[Jugado],"Sí",tPartidos[EquipoLocal],V68)+SUMIFS(tPartidos[GL_Real],tPartidos[Jugado],"Sí",tPartidos[EquipoVisita],V68) -> 0 | AC68: =AA68-AB68 -> 0 | AD68: =X68*3+Y68 -> 0
B70: Grupo I
B71: Equipo | C71: PJ | D71: G | E71: E | F71: P | G71: GF | H71: GC | I71: DG | J71: Pts | K71: Clasifica
B72: {=_xlfn.SORTBY(V72:AD75,AD72:AD75,-1,AC72:AC75,-1,AA72:AA75,-1)} -> France | C72: 0 | D72: 0 | E72: 0 | F72: 0 | G72: 0 | H72: 0 | I72: 0 | J72: 0 | K72: Q | V72: France | W72: =COUNTIFS(tPartidos[Jugado],"Sí",tPartidos[EquipoLocal],V72)+COUNTIFS(tPartidos[Jugado],"Sí",tPartidos[EquipoVisita],V72) -> 0 | X72: =SUMPRODUCT((tPartidos[Jugado]="Sí")*(tPartidos[EquipoLocal]=V72)*(tPartidos[GL_Real]>tPartidos[GV_Real]))+SUMPRODUCT((tPartidos[Jugado]="Sí")*(tPartidos[EquipoVisita]=V72)*(tPartidos[GV_Real]>tPartidos[GL_Real])) -> 0 | Y72: =SUMPRODUCT((tPartidos[Jugado]="Sí")*((tPartidos[EquipoLocal]=V72)+(tPartidos[EquipoVisita]=V72))*(tPartidos[GL_Real]=tPartidos[GV_Real])) -> 0 | Z72: =W72-X72-Y72 -> 0 | AA72: =SUMIFS(tPartidos[GL_Real],tPartidos[Jugado],"Sí",tPartidos[EquipoLocal],V72)+SUMIFS(tPartidos[GV_Real],tPartidos[Jugado],"Sí",tPartidos[EquipoVisita],V72) -> 0 | AB72: =SUMIFS(tPartidos[GV_Real],tPartidos[Jugado],"Sí",tPartidos[EquipoLocal],V72)+SUMIFS(tPartidos[GL_Real],tPartidos[Jugado],"Sí",tPartidos[EquipoVisita],V72) -> 0 | AC72: =AA72-AB72 -> 0 | AD72: =X72*3+Y72 -> 0
B73: Iraq | C73: 0 | D73: 0 | E73: 0 | F73: 0 | G73: 0 | H73: 0 | I73: 0 | J73: 0 | K73: Q | V73: Iraq | W73: =COUNTIFS(tPartidos[Jugado],"Sí",tPartidos[EquipoLocal],V73)+COUNTIFS(tPartidos[Jugado],"Sí",tPartidos[EquipoVisita],V73) -> 0 | X73: =SUMPRODUCT((tPartidos[Jugado]="Sí")*(tPartidos[EquipoLocal]=V73)*(tPartidos[GL_Real]>tPartidos[GV_Real]))+SUMPRODUCT((tPartidos[Jugado]="Sí")*(tPartidos[EquipoVisita]=V73)*(tPartidos[GV_Real]>tPartidos[GL_Real])) -> 0 | Y73: =SUMPRODUCT((tPartidos[Jugado]="Sí")*((tPartidos[EquipoLocal]=V73)+(tPartidos[EquipoVisita]=V73))*(tPartidos[GL_Real]=tPartidos[GV_Real])) -> 0 | Z73: =W73-X73-Y73 -> 0 | AA73: =SUMIFS(tPartidos[GL_Real],tPartidos[Jugado],"Sí",tPartidos[EquipoLocal],V73)+SUMIFS(tPartidos[GV_Real],tPartidos[Jugado],"Sí",tPartidos[EquipoVisita],V73) -> 0 | AB73: =SUMIFS(tPartidos[GV_Real],tPartidos[Jugado],"Sí",tPartidos[EquipoLocal],V73)+SUMIFS(tPartidos[GL_Real],tPartidos[Jugado],"Sí",tPartidos[EquipoVisita],V73) -> 0 | AC73: =AA73-AB73 -> 0 | AD73: =X73*3+Y73 -> 0
B74: Norway | C74: 0 | D74: 0 | E74: 0 | F74: 0 | G74: 0 | H74: 0 | I74: 0 | J74: 0 | K74: =IF(ISNUMBER(MATCH($B74,$P$16:$P$23,0)),"3°","") | V74: Norway | W74: =COUNTIFS(tPartidos[Jugado],"Sí",tPartidos[EquipoLocal],V74)+COUNTIFS(tPartidos[Jugado],"Sí",tPartidos[EquipoVisita],V74) -> 0 | X74: =SUMPRODUCT((tPartidos[Jugado]="Sí")*(tPartidos[EquipoLocal]=V74)*(tPartidos[GL_Real]>tPartidos[GV_Real]))+SUMPRODUCT((tPartidos[Jugado]="Sí")*(tPartidos[EquipoVisita]=V74)*(tPartidos[GV_Real]>tPartidos[GL_Real])) -> 0 | Y74: =SUMPRODUCT((tPartidos[Jugado]="Sí")*((tPartidos[EquipoLocal]=V74)+(tPartidos[EquipoVisita]=V74))*(tPartidos[GL_Real]=tPartidos[GV_Real])) -> 0 | Z74: =W74-X74-Y74 -> 0 | AA74: =SUMIFS(tPartidos[GL_Real],tPartidos[Jugado],"Sí",tPartidos[EquipoLocal],V74)+SUMIFS(tPartidos[GV_Real],tPartidos[Jugado],"Sí",tPartidos[EquipoVisita],V74) -> 0 | AB74: =SUMIFS(tPartidos[GV_Real],tPartidos[Jugado],"Sí",tPartidos[EquipoLocal],V74)+SUMIFS(tPartidos[GL_Real],tPartidos[Jugado],"Sí",tPartidos[EquipoVisita],V74) -> 0 | AC74: =AA74-AB74 -> 0 | AD74: =X74*3+Y74 -> 0
B75: Senegal | C75: 0 | D75: 0 | E75: 0 | F75: 0 | G75: 0 | H75: 0 | I75: 0 | J75: 0 | V75: Senegal | W75: =COUNTIFS(tPartidos[Jugado],"Sí",tPartidos[EquipoLocal],V75)+COUNTIFS(tPartidos[Jugado],"Sí",tPartidos[EquipoVisita],V75) -> 0 | X75: =SUMPRODUCT((tPartidos[Jugado]="Sí")*(tPartidos[EquipoLocal]=V75)*(tPartidos[GL_Real]>tPartidos[GV_Real]))+SUMPRODUCT((tPartidos[Jugado]="Sí")*(tPartidos[EquipoVisita]=V75)*(tPartidos[GV_Real]>tPartidos[GL_Real])) -> 0 | Y75: =SUMPRODUCT((tPartidos[Jugado]="Sí")*((tPartidos[EquipoLocal]=V75)+(tPartidos[EquipoVisita]=V75))*(tPartidos[GL_Real]=tPartidos[GV_Real])) -> 0 | Z75: =W75-X75-Y75 -> 0 | AA75: =SUMIFS(tPartidos[GL_Real],tPartidos[Jugado],"Sí",tPartidos[EquipoLocal],V75)+SUMIFS(tPartidos[GV_Real],tPartidos[Jugado],"Sí",tPartidos[EquipoVisita],V75) -> 0 | AB75: =SUMIFS(tPartidos[GV_Real],tPartidos[Jugado],"Sí",tPartidos[EquipoLocal],V75)+SUMIFS(tPartidos[GL_Real],tPartidos[Jugado],"Sí",tPartidos[EquipoVisita],V75) -> 0 | AC75: =AA75-AB75 -> 0 | AD75: =X75*3+Y75 -> 0
B77: Grupo J
B78: Equipo | C78: PJ | D78: G | E78: E | F78: P | G78: GF | H78: GC | I78: DG | J78: Pts | K78: Clasifica
B79: {=_xlfn.SORTBY(V79:AD82,AD79:AD82,-1,AC79:AC82,-1,AA79:AA82,-1)} -> Algeria | C79: 0 | D79: 0 | E79: 0 | F79: 0 | G79: 0 | H79: 0 | I79: 0 | J79: 0 | K79: Q | V79: Algeria | W79: =COUNTIFS(tPartidos[Jugado],"Sí",tPartidos[EquipoLocal],V79)+COUNTIFS(tPartidos[Jugado],"Sí",tPartidos[EquipoVisita],V79) -> 0 | X79: =SUMPRODUCT((tPartidos[Jugado]="Sí")*(tPartidos[EquipoLocal]=V79)*(tPartidos[GL_Real]>tPartidos[GV_Real]))+SUMPRODUCT((tPartidos[Jugado]="Sí")*(tPartidos[EquipoVisita]=V79)*(tPartidos[GV_Real]>tPartidos[GL_Real])) -> 0 | Y79: =SUMPRODUCT((tPartidos[Jugado]="Sí")*((tPartidos[EquipoLocal]=V79)+(tPartidos[EquipoVisita]=V79))*(tPartidos[GL_Real]=tPartidos[GV_Real])) -> 0 | Z79: =W79-X79-Y79 -> 0 | AA79: =SUMIFS(tPartidos[GL_Real],tPartidos[Jugado],"Sí",tPartidos[EquipoLocal],V79)+SUMIFS(tPartidos[GV_Real],tPartidos[Jugado],"Sí",tPartidos[EquipoVisita],V79) -> 0 | AB79: =SUMIFS(tPartidos[GV_Real],tPartidos[Jugado],"Sí",tPartidos[EquipoLocal],V79)+SUMIFS(tPartidos[GL_Real],tPartidos[Jugado],"Sí",tPartidos[EquipoVisita],V79) -> 0 | AC79: =AA79-AB79 -> 0 | AD79: =X79*3+Y79 -> 0
B80: Argentina | C80: 0 | D80: 0 | E80: 0 | F80: 0 | G80: 0 | H80: 0 | I80: 0 | J80: 0 | K80: Q | V80: Argentina | W80: =COUNTIFS(tPartidos[Jugado],"Sí",tPartidos[EquipoLocal],V80)+COUNTIFS(tPartidos[Jugado],"Sí",tPartidos[EquipoVisita],V80) -> 0 | X80: =SUMPRODUCT((tPartidos[Jugado]="Sí")*(tPartidos[EquipoLocal]=V80)*(tPartidos[GL_Real]>tPartidos[GV_Real]))+SUMPRODUCT((tPartidos[Jugado]="Sí")*(tPartidos[EquipoVisita]=V80)*(tPartidos[GV_Real]>tPartidos[GL_Real])) -> 0 | Y80: =SUMPRODUCT((tPartidos[Jugado]="Sí")*((tPartidos[EquipoLocal]=V80)+(tPartidos[EquipoVisita]=V80))*(tPartidos[GL_Real]=tPartidos[GV_Real])) -> 0 | Z80: =W80-X80-Y80 -> 0 | AA80: =SUMIFS(tPartidos[GL_Real],tPartidos[Jugado],"Sí",tPartidos[EquipoLocal],V80)+SUMIFS(tPartidos[GV_Real],tPartidos[Jugado],"Sí",tPartidos[EquipoVisita],V80) -> 0 | AB80: =SUMIFS(tPartidos[GV_Real],tPartidos[Jugado],"Sí",tPartidos[EquipoLocal],V80)+SUMIFS(tPartidos[GL_Real],tPartidos[Jugado],"Sí",tPartidos[EquipoVisita],V80) -> 0 | AC80: =AA80-AB80 -> 0 | AD80: =X80*3+Y80 -> 0
B81: Austria | C81: 0 | D81: 0 | E81: 0 | F81: 0 | G81: 0 | H81: 0 | I81: 0 | J81: 0 | K81: =IF(ISNUMBER(MATCH($B81,$P$16:$P$23,0)),"3°","") | V81: Austria | W81: =COUNTIFS(tPartidos[Jugado],"Sí",tPartidos[EquipoLocal],V81)+COUNTIFS(tPartidos[Jugado],"Sí",tPartidos[EquipoVisita],V81) -> 0 | X81: =SUMPRODUCT((tPartidos[Jugado]="Sí")*(tPartidos[EquipoLocal]=V81)*(tPartidos[GL_Real]>tPartidos[GV_Real]))+SUMPRODUCT((tPartidos[Jugado]="Sí")*(tPartidos[EquipoVisita]=V81)*(tPartidos[GV_Real]>tPartidos[GL_Real])) -> 0 | Y81: =SUMPRODUCT((tPartidos[Jugado]="Sí")*((tPartidos[EquipoLocal]=V81)+(tPartidos[EquipoVisita]=V81))*(tPartidos[GL_Real]=tPartidos[GV_Real])) -> 0 | Z81: =W81-X81-Y81 -> 0 | AA81: =SUMIFS(tPartidos[GL_Real],tPartidos[Jugado],"Sí",tPartidos[EquipoLocal],V81)+SUMIFS(tPartidos[GV_Real],tPartidos[Jugado],"Sí",tPartidos[EquipoVisita],V81) -> 0 | AB81: =SUMIFS(tPartidos[GV_Real],tPartidos[Jugado],"Sí",tPartidos[EquipoLocal],V81)+SUMIFS(tPartidos[GL_Real],tPartidos[Jugado],"Sí",tPartidos[EquipoVisita],V81) -> 0 | AC81: =AA81-AB81 -> 0 | AD81: =X81*3+Y81 -> 0
B82: Jordan | C82: 0 | D82: 0 | E82: 0 | F82: 0 | G82: 0 | H82: 0 | I82: 0 | J82: 0 | V82: Jordan | W82: =COUNTIFS(tPartidos[Jugado],"Sí",tPartidos[EquipoLocal],V82)+COUNTIFS(tPartidos[Jugado],"Sí",tPartidos[EquipoVisita],V82) -> 0 | X82: =SUMPRODUCT((tPartidos[Jugado]="Sí")*(tPartidos[EquipoLocal]=V82)*(tPartidos[GL_Real]>tPartidos[GV_Real]))+SUMPRODUCT((tPartidos[Jugado]="Sí")*(tPartidos[EquipoVisita]=V82)*(tPartidos[GV_Real]>tPartidos[GL_Real])) -> 0 | Y82: =SUMPRODUCT((tPartidos[Jugado]="Sí")*((tPartidos[EquipoLocal]=V82)+(tPartidos[EquipoVisita]=V82))*(tPartidos[GL_Real]=tPartidos[GV_Real])) -> 0 | Z82: =W82-X82-Y82 -> 0 | AA82: =SUMIFS(tPartidos[GL_Real],tPartidos[Jugado],"Sí",tPartidos[EquipoLocal],V82)+SUMIFS(tPartidos[GV_Real],tPartidos[Jugado],"Sí",tPartidos[EquipoVisita],V82) -> 0 | AB82: =SUMIFS(tPartidos[GV_Real],tPartidos[Jugado],"Sí",tPartidos[EquipoLocal],V82)+SUMIFS(tPartidos[GL_Real],tPartidos[Jugado],"Sí",tPartidos[EquipoVisita],V82) -> 0 | AC82: =AA82-AB82 -> 0 | AD82: =X82*3+Y82 -> 0
B84: Grupo K
B85: Equipo | C85: PJ | D85: G | E85: E | F85: P | G85: GF | H85: GC | I85: DG | J85: Pts | K85: Clasifica
B86: {=_xlfn.SORTBY(V86:AD89,AD86:AD89,-1,AC86:AC89,-1,AA86:AA89,-1)} -> Colombia | C86: 0 | D86: 0 | E86: 0 | F86: 0 | G86: 0 | H86: 0 | I86: 0 | J86: 0 | K86: Q | V86: Colombia | W86: =COUNTIFS(tPartidos[Jugado],"Sí",tPartidos[EquipoLocal],V86)+COUNTIFS(tPartidos[Jugado],"Sí",tPartidos[EquipoVisita],V86) -> 0 | X86: =SUMPRODUCT((tPartidos[Jugado]="Sí")*(tPartidos[EquipoLocal]=V86)*(tPartidos[GL_Real]>tPartidos[GV_Real]))+SUMPRODUCT((tPartidos[Jugado]="Sí")*(tPartidos[EquipoVisita]=V86)*(tPartidos[GV_Real]>tPartidos[GL_Real])) -> 0 | Y86: =SUMPRODUCT((tPartidos[Jugado]="Sí")*((tPartidos[EquipoLocal]=V86)+(tPartidos[EquipoVisita]=V86))*(tPartidos[GL_Real]=tPartidos[GV_Real])) -> 0 | Z86: =W86-X86-Y86 -> 0 | AA86: =SUMIFS(tPartidos[GL_Real],tPartidos[Jugado],"Sí",tPartidos[EquipoLocal],V86)+SUMIFS(tPartidos[GV_Real],tPartidos[Jugado],"Sí",tPartidos[EquipoVisita],V86) -> 0 | AB86: =SUMIFS(tPartidos[GV_Real],tPartidos[Jugado],"Sí",tPartidos[EquipoLocal],V86)+SUMIFS(tPartidos[GL_Real],tPartidos[Jugado],"Sí",tPartidos[EquipoVisita],V86) -> 0 | AC86: =AA86-AB86 -> 0 | AD86: =X86*3+Y86 -> 0
B87: DR Congo | C87: 0 | D87: 0 | E87: 0 | F87: 0 | G87: 0 | H87: 0 | I87: 0 | J87: 0 | K87: Q | V87: DR Congo | W87: =COUNTIFS(tPartidos[Jugado],"Sí",tPartidos[EquipoLocal],V87)+COUNTIFS(tPartidos[Jugado],"Sí",tPartidos[EquipoVisita],V87) -> 0 | X87: =SUMPRODUCT((tPartidos[Jugado]="Sí")*(tPartidos[EquipoLocal]=V87)*(tPartidos[GL_Real]>tPartidos[GV_Real]))+SUMPRODUCT((tPartidos[Jugado]="Sí")*(tPartidos[EquipoVisita]=V87)*(tPartidos[GV_Real]>tPartidos[GL_Real])) -> 0 | Y87: =SUMPRODUCT((tPartidos[Jugado]="Sí")*((tPartidos[EquipoLocal]=V87)+(tPartidos[EquipoVisita]=V87))*(tPartidos[GL_Real]=tPartidos[GV_Real])) -> 0 | Z87: =W87-X87-Y87 -> 0 | AA87: =SUMIFS(tPartidos[GL_Real],tPartidos[Jugado],"Sí",tPartidos[EquipoLocal],V87)+SUMIFS(tPartidos[GV_Real],tPartidos[Jugado],"Sí",tPartidos[EquipoVisita],V87) -> 0 | AB87: =SUMIFS(tPartidos[GV_Real],tPartidos[Jugado],"Sí",tPartidos[EquipoLocal],V87)+SUMIFS(tPartidos[GL_Real],tPartidos[Jugado],"Sí",tPartidos[EquipoVisita],V87) -> 0 | AC87: =AA87-AB87 -> 0 | AD87: =X87*3+Y87 -> 0
B88: Portugal | C88: 0 | D88: 0 | E88: 0 | F88: 0 | G88: 0 | H88: 0 | I88: 0 | J88: 0 | K88: =IF(ISNUMBER(MATCH($B88,$P$16:$P$23,0)),"3°","") | V88: Portugal | W88: =COUNTIFS(tPartidos[Jugado],"Sí",tPartidos[EquipoLocal],V88)+COUNTIFS(tPartidos[Jugado],"Sí",tPartidos[EquipoVisita],V88) -> 0 | X88: =SUMPRODUCT((tPartidos[Jugado]="Sí")*(tPartidos[EquipoLocal]=V88)*(tPartidos[GL_Real]>tPartidos[GV_Real]))+SUMPRODUCT((tPartidos[Jugado]="Sí")*(tPartidos[EquipoVisita]=V88)*(tPartidos[GV_Real]>tPartidos[GL_Real])) -> 0 | Y88: =SUMPRODUCT((tPartidos[Jugado]="Sí")*((tPartidos[EquipoLocal]=V88)+(tPartidos[EquipoVisita]=V88))*(tPartidos[GL_Real]=tPartidos[GV_Real])) -> 0 | Z88: =W88-X88-Y88 -> 0 | AA88: =SUMIFS(tPartidos[GL_Real],tPartidos[Jugado],"Sí",tPartidos[EquipoLocal],V88)+SUMIFS(tPartidos[GV_Real],tPartidos[Jugado],"Sí",tPartidos[EquipoVisita],V88) -> 0 | AB88: =SUMIFS(tPartidos[GV_Real],tPartidos[Jugado],"Sí",tPartidos[EquipoLocal],V88)+SUMIFS(tPartidos[GL_Real],tPartidos[Jugado],"Sí",tPartidos[EquipoVisita],V88) -> 0 | AC88: =AA88-AB88 -> 0 | AD88: =X88*3+Y88 -> 0
B89: Uzbekistan | C89: 0 | D89: 0 | E89: 0 | F89: 0 | G89: 0 | H89: 0 | I89: 0 | J89: 0 | V89: Uzbekistan | W89: =COUNTIFS(tPartidos[Jugado],"Sí",tPartidos[EquipoLocal],V89)+COUNTIFS(tPartidos[Jugado],"Sí",tPartidos[EquipoVisita],V89) -> 0 | X89: =SUMPRODUCT((tPartidos[Jugado]="Sí")*(tPartidos[EquipoLocal]=V89)*(tPartidos[GL_Real]>tPartidos[GV_Real]))+SUMPRODUCT((tPartidos[Jugado]="Sí")*(tPartidos[EquipoVisita]=V89)*(tPartidos[GV_Real]>tPartidos[GL_Real])) -> 0 | Y89: =SUMPRODUCT((tPartidos[Jugado]="Sí")*((tPartidos[EquipoLocal]=V89)+(tPartidos[EquipoVisita]=V89))*(tPartidos[GL_Real]=tPartidos[GV_Real])) -> 0 | Z89: =W89-X89-Y89 -> 0 | AA89: =SUMIFS(tPartidos[GL_Real],tPartidos[Jugado],"Sí",tPartidos[EquipoLocal],V89)+SUMIFS(tPartidos[GV_Real],tPartidos[Jugado],"Sí",tPartidos[EquipoVisita],V89) -> 0 | AB89: =SUMIFS(tPartidos[GV_Real],tPartidos[Jugado],"Sí",tPartidos[EquipoLocal],V89)+SUMIFS(tPartidos[GL_Real],tPartidos[Jugado],"Sí",tPartidos[EquipoVisita],V89) -> 0 | AC89: =AA89-AB89 -> 0 | AD89: =X89*3+Y89 -> 0
B91: Grupo L
B92: Equipo | C92: PJ | D92: G | E92: E | F92: P | G92: GF | H92: GC | I92: DG | J92: Pts | K92: Clasifica
B93: {=_xlfn.SORTBY(V93:AD96,AD93:AD96,-1,AC93:AC96,-1,AA93:AA96,-1)} -> Croatia | C93: 0 | D93: 0 | E93: 0 | F93: 0 | G93: 0 | H93: 0 | I93: 0 | J93: 0 | K93: Q | V93: Croatia | W93: =COUNTIFS(tPartidos[Jugado],"Sí",tPartidos[EquipoLocal],V93)+COUNTIFS(tPartidos[Jugado],"Sí",tPartidos[EquipoVisita],V93) -> 0 | X93: =SUMPRODUCT((tPartidos[Jugado]="Sí")*(tPartidos[EquipoLocal]=V93)*(tPartidos[GL_Real]>tPartidos[GV_Real]))+SUMPRODUCT((tPartidos[Jugado]="Sí")*(tPartidos[EquipoVisita]=V93)*(tPartidos[GV_Real]>tPartidos[GL_Real])) -> 0 | Y93: =SUMPRODUCT((tPartidos[Jugado]="Sí")*((tPartidos[EquipoLocal]=V93)+(tPartidos[EquipoVisita]=V93))*(tPartidos[GL_Real]=tPartidos[GV_Real])) -> 0 | Z93: =W93-X93-Y93 -> 0 | AA93: =SUMIFS(tPartidos[GL_Real],tPartidos[Jugado],"Sí",tPartidos[EquipoLocal],V93)+SUMIFS(tPartidos[GV_Real],tPartidos[Jugado],"Sí",tPartidos[EquipoVisita],V93) -> 0 | AB93: =SUMIFS(tPartidos[GV_Real],tPartidos[Jugado],"Sí",tPartidos[EquipoLocal],V93)+SUMIFS(tPartidos[GL_Real],tPartidos[Jugado],"Sí",tPartidos[EquipoVisita],V93) -> 0 | AC93: =AA93-AB93 -> 0 | AD93: =X93*3+Y93 -> 0
B94: England | C94: 0 | D94: 0 | E94: 0 | F94: 0 | G94: 0 | H94: 0 | I94: 0 | J94: 0 | K94: Q | V94: England | W94: =COUNTIFS(tPartidos[Jugado],"Sí",tPartidos[EquipoLocal],V94)+COUNTIFS(tPartidos[Jugado],"Sí",tPartidos[EquipoVisita],V94) -> 0 | X94: =SUMPRODUCT((tPartidos[Jugado]="Sí")*(tPartidos[EquipoLocal]=V94)*(tPartidos[GL_Real]>tPartidos[GV_Real]))+SUMPRODUCT((tPartidos[Jugado]="Sí")*(tPartidos[EquipoVisita]=V94)*(tPartidos[GV_Real]>tPartidos[GL_Real])) -> 0 | Y94: =SUMPRODUCT((tPartidos[Jugado]="Sí")*((tPartidos[EquipoLocal]=V94)+(tPartidos[EquipoVisita]=V94))*(tPartidos[GL_Real]=tPartidos[GV_Real])) -> 0 | Z94: =W94-X94-Y94 -> 0 | AA94: =SUMIFS(tPartidos[GL_Real],tPartidos[Jugado],"Sí",tPartidos[EquipoLocal],V94)+SUMIFS(tPartidos[GV_Real],tPartidos[Jugado],"Sí",tPartidos[EquipoVisita],V94) -> 0 | AB94: =SUMIFS(tPartidos[GV_Real],tPartidos[Jugado],"Sí",tPartidos[EquipoLocal],V94)+SUMIFS(tPartidos[GL_Real],tPartidos[Jugado],"Sí",tPartidos[EquipoVisita],V94) -> 0 | AC94: =AA94-AB94 -> 0 | AD94: =X94*3+Y94 -> 0
B95: Ghana | C95: 0 | D95: 0 | E95: 0 | F95: 0 | G95: 0 | H95: 0 | I95: 0 | J95: 0 | K95: =IF(ISNUMBER(MATCH($B95,$P$16:$P$23,0)),"3°","") | V95: Ghana | W95: =COUNTIFS(tPartidos[Jugado],"Sí",tPartidos[EquipoLocal],V95)+COUNTIFS(tPartidos[Jugado],"Sí",tPartidos[EquipoVisita],V95) -> 0 | X95: =SUMPRODUCT((tPartidos[Jugado]="Sí")*(tPartidos[EquipoLocal]=V95)*(tPartidos[GL_Real]>tPartidos[GV_Real]))+SUMPRODUCT((tPartidos[Jugado]="Sí")*(tPartidos[EquipoVisita]=V95)*(tPartidos[GV_Real]>tPartidos[GL_Real])) -> 0 | Y95: =SUMPRODUCT((tPartidos[Jugado]="Sí")*((tPartidos[EquipoLocal]=V95)+(tPartidos[EquipoVisita]=V95))*(tPartidos[GL_Real]=tPartidos[GV_Real])) -> 0 | Z95: =W95-X95-Y95 -> 0 | AA95: =SUMIFS(tPartidos[GL_Real],tPartidos[Jugado],"Sí",tPartidos[EquipoLocal],V95)+SUMIFS(tPartidos[GV_Real],tPartidos[Jugado],"Sí",tPartidos[EquipoVisita],V95) -> 0 | AB95: =SUMIFS(tPartidos[GV_Real],tPartidos[Jugado],"Sí",tPartidos[EquipoLocal],V95)+SUMIFS(tPartidos[GL_Real],tPartidos[Jugado],"Sí",tPartidos[EquipoVisita],V95) -> 0 | AC95: =AA95-AB95 -> 0 | AD95: =X95*3+Y95 -> 0
B96: Panama | C96: 0 | D96: 0 | E96: 0 | F96: 0 | G96: 0 | H96: 0 | I96: 0 | J96: 0 | V96: Panama | W96: =COUNTIFS(tPartidos[Jugado],"Sí",tPartidos[EquipoLocal],V96)+COUNTIFS(tPartidos[Jugado],"Sí",tPartidos[EquipoVisita],V96) -> 0 | X96: =SUMPRODUCT((tPartidos[Jugado]="Sí")*(tPartidos[EquipoLocal]=V96)*(tPartidos[GL_Real]>tPartidos[GV_Real]))+SUMPRODUCT((tPartidos[Jugado]="Sí")*(tPartidos[EquipoVisita]=V96)*(tPartidos[GV_Real]>tPartidos[GL_Real])) -> 0 | Y96: =SUMPRODUCT((tPartidos[Jugado]="Sí")*((tPartidos[EquipoLocal]=V96)+(tPartidos[EquipoVisita]=V96))*(tPartidos[GL_Real]=tPartidos[GV_Real])) -> 0 | Z96: =W96-X96-Y96 -> 0 | AA96: =SUMIFS(tPartidos[GL_Real],tPartidos[Jugado],"Sí",tPartidos[EquipoLocal],V96)+SUMIFS(tPartidos[GV_Real],tPartidos[Jugado],"Sí",tPartidos[EquipoVisita],V96) -> 0 | AB96: =SUMIFS(tPartidos[GV_Real],tPartidos[Jugado],"Sí",tPartidos[EquipoLocal],V96)+SUMIFS(tPartidos[GL_Real],tPartidos[Jugado],"Sí",tPartidos[EquipoVisita],V96) -> 0 | AC96: =AA96-AB96 -> 0 | AD96: =X96*3+Y96 -> 0

Sheet DASHBOARD
D3: Dashboard – Mundial 2026 (Fase de Grupos)
A5: Participantes y puntos | D5: Avance de la fase de grupos
A6: Participante | B6: Puntos | C6: Top 10 | F6: Jugados | H6: Pendientes | J6: % avance | BD6: Estado | BE6: Cantidad
C7: Participante | D7: Puntos | F7: =COUNTIF(tPartidos[Jugado],"Sí") -> 0 | H7: =72-F7 -> 72 | J7: =IFERROR(F7/72,0) -> 0 | BD7: Jugados | BE7: =F7 -> 0
BD8: Pendientes | BE8: =H7 -> 72
D9: Avance por grupo
D10: Grupo | E10: Jugados | F10: Pendientes | G10: % | BD10: Tipo | BE10: Cantidad
D11: A | E11: =COUNTIFS(tPartidos[Grupo],"A",tPartidos[Jugado],"Sí") -> 0 | F11: =6-E11 -> 6 | G11: =IFERROR(E11/6,0) -> 0 | BD11: Directos (Top 2) | BE11: 24
D12: B | E12: =COUNTIFS(tPartidos[Grupo],"B",tPartidos[Jugado],"Sí") -> 0 | F12: =6-E12 -> 6 | G12: =IFERROR(E12/6,0) -> 0 | BD12: Mejores terceros | BE12: 8
D13: C | E13: =COUNTIFS(tPartidos[Grupo],"C",tPartidos[Jugado],"Sí") -> 0 | F13: =6-E13 -> 6 | G13: =IFERROR(E13/6,0) -> 0
D14: D | E14: =COUNTIFS(tPartidos[Grupo],"D",tPartidos[Jugado],"Sí") -> 0 | F14: =6-E14 -> 6 | G14: =IFERROR(E14/6,0) -> 0
D15: E | E15: =COUNTIFS(tPartidos[Grupo],"E",tPartidos[Jugado],"Sí") -> 0 | F15: =6-E15 -> 6 | G15: =IFERROR(E15/6,0) -> 0
D16: F | E16: =COUNTIFS(tPartidos[Grupo],"F",tPartidos[Jugado],"Sí") -> 0 | F16: =6-E16 -> 6 | G16: =IFERROR(E16/6,0) -> 0
D17: G | E17: =COUNTIFS(tPartidos[Grupo],"G",tPartidos[Jugado],"Sí") -> 0 | F17: =6-E17 -> 6 | G17: =IFERROR(E17/6,0) -> 0
D18: H | E18: =COUNTIFS(tPartidos[Grupo],"H",tPartidos[Jugado],"Sí") -> 0 | F18: =6-E18 -> 6 | G18: =IFERROR(E18/6,0) -> 0
D19: I | E19: =COUNTIFS(tPartidos[Grupo],"I",tPartidos[Jugado],"Sí") -> 0 | F19: =6-E19 -> 6 | G19: =IFERROR(E19/6,0) -> 0
D20: J | E20: =COUNTIFS(tPartidos[Grupo],"J",tPartidos[Jugado],"Sí") -> 0 | F20: =6-E20 -> 6 | G20: =IFERROR(E20/6,0) -> 0
D21: K | E21: =COUNTIFS(tPartidos[Grupo],"K",tPartidos[Jugado],"Sí") -> 0 | F21: =6-E21 -> 6 | G21: =IFERROR(E21/6,0) -> 0
D22: L | E22: =COUNTIFS(tPartidos[Grupo],"L",tPartidos[Jugado],"Sí") -> 0 | F22: =6-E22 -> 6 | G22: =IFERROR(E22/6,0) -> 0 | BD22: Participante | BE22: Puntos
BD23: {=_xlfn.TAKE(_xlfn.SORTBY(_xlfn._xlws.FILTER(TABLA_GENERAL!B8:C57,TABLA_GENERAL!B8:B57<>""),INDEX(_xlfn._xlws.FILTER(TABLA_GENERAL!B8:C57,TABLA_GENERAL!B8:B57<>""),,2),-1),10)} -> Jugador 1 | BE23: 0
BD24: Jugador 2 | BE24: 0
D25: Clasificados directos (1° y 2° de cada grupo) | BD25: Jugador 3 | BE25: 0
D26: Grupo | E26: 1° | F26: 2° | BD26: Jugador 4 | BE26: 0
D27: A | E27: =POSICIONES!$B$16 -> Czechia | F27: =POSICIONES!$B$17 -> Mexico | BD27: Jugador 5 | BE27: 0
D28: B | E28: =POSICIONES!$B$23 -> Bosnia & Herzegovina | F28: =POSICIONES!$B$24 -> Canada | BD28: Jugador 6 | BE28: 0
D29: C | E29: =POSICIONES!$B$30 -> Brazil | F29: =POSICIONES!$B$31 -> Haiti | BD29: Jugador 7 | BE29: 0
D30: D | E30: =POSICIONES!$B$37 -> Australia | F30: =POSICIONES!$B$38 -> Paraguay | BD30: Jugador 8 | BE30: 0
D31: E | E31: =POSICIONES!$B$44 -> Curaçao | F31: =POSICIONES!$B$45 -> Ecuador | BD31: Jugador 9 | BE31: 0
D32: F | E32: =POSICIONES!$B$51 -> Japan | F32: =POSICIONES!$B$52 -> Netherlands | BD32: Jugador 10 | BE32: 0
D33: G | E33: =POSICIONES!$B$58 -> Belgium | F33: =POSICIONES!$B$59 -> Egypt
D34: H | E34: =POSICIONES!$B$65 -> Cape Verde | F34: =POSICIONES!$B$66 -> Saudi Arabia
D35: I | E35: =POSICIONES!$B$72 -> France | F35: =POSICIONES!$B$73 -> Iraq
D36: J | E36: =POSICIONES!$B$79 -> Algeria | F36: =POSICIONES!$B$80 -> Argentina
D37: K | E37: =POSICIONES!$B$86 -> Colombia | F37: =POSICIONES!$B$87 -> DR Congo
D38: L | E38: =POSICIONES!$B$93 -> Croatia | F38: =POSICIONES!$B$94 -> England
D42: Mejores terceros (Top 8)
D43: Pos | E43: Grupo | F43: Equipo | G43: Pts | H43: DG | I43: GF
D44: 1 | E44: =POSICIONES!$O$16 -> A | F44: =POSICIONES!$P$16 -> South Africa | G44: =POSICIONES!$Q$16 -> 0 | H44: =POSICIONES!$R$16 -> 0 | I44: =POSICIONES!$S$16 -> 0
D45: 2 | E45: =POSICIONES!$O$17 -> B | F45: =POSICIONES!$P$17 -> Qatar | G45: =POSICIONES!$Q$17 -> 0 | H45: =POSICIONES!$R$17 -> 0 | I45: =POSICIONES!$S$17 -> 0
D46: 3 | E46: =POSICIONES!$O$18 -> C | F46: =POSICIONES!$P$18 -> Morocco | G46: =POSICIONES!$Q$18 -> 0 | H46: =POSICIONES!$R$18 -> 0 | I46: =POSICIONES!$S$18 -> 0
D47: 4 | E47: =POSICIONES!$O$19 -> D | F47: =POSICIONES!$P$19 -> Türkiye | G47: =POSICIONES!$Q$19 -> 0 | H47: =POSICIONES!$R$19 -> 0 | I47: =POSICIONES!$S$19 -> 0
D48: 5 | E48: =POSICIONES!$O$20 -> E | F48: =POSICIONES!$P$20 -> Germany | G48: =POSICIONES!$Q$20 -> 0 | H48: =POSICIONES!$R$20 -> 0 | I48: =POSICIONES!$S$20 -> 0
D49: 6 | E49: =POSICIONES!$O$21 -> F | F49: =POSICIONES!$P$21 -> Sweden | G49: =POSICIONES!$Q$21 -> 0 | H49: =POSICIONES!$R$21 -> 0 | I49: =POSICIONES!$S$21 -> 0
D50: 7 | E50: =POSICIONES!$O$22 -> G | F50: =POSICIONES!$P$22 -> Iran | G50: =POSICIONES!$Q$22 -> 0 | H50: =POSICIONES!$R$22 -> 0 | I50: =POSICIONES!$S$22 -> 0
D51: 8 | E51: =POSICIONES!$O$23 -> H | F51: =POSICIONES!$P$23 -> Spain | G51: =POSICIONES!$Q$23 -> 0 | H51: =POSICIONES!$R$23 -> 0 | I51: =POSICIONES!$S$23 -> 0
D55: Top 10 – Quiniela
D56: Pos | E56: Participante | F56: Puntos
D57: 1 | E57: =BD23 -> Jugador 1 | F57: =BE23 -> 0
D58: 2 | E58: =BD24 -> Jugador 2 | F58: =BE24 -> 0
D59: 3 | E59: =BD25 -> Jugador 3 | F59: =BE25 -> 0
D60: 4 | E60: =BD26 -> Jugador 4 | F60: =BE26 -> 0
D61: 5 | E61: =BD27 -> Jugador 5 | F61: =BE27 -> 0
D62: 6 | E62: =BD28 -> Jugador 6 | F62: =BE28 -> 0
D63: 7 | E63: =BD29 -> Jugador 7 | F63: =BE29 -> 0
D64: 8 | E64: =BD30 -> Jugador 8 | F64: =BE30 -> 0
D65: 9 | E65: =BD31 -> Jugador 9 | F65: =BE31 -> 0
D66: 10 | E66: =BD32 -> Jugador 10 | F66: =BE32 -> 0
